id,install_date,installed,latitude,locked,longitude,name,bikes_count,docks_count,nbEmptyDocks,removal_date,temporary,terminal_name
551,2012-02-24,TRUE,51.505772,FALSE,-0.016460175,Import Dock,38,39,0,2017-08-07,FALSE,200066
427,2011-07-15,TRUE,51.51397065,FALSE,-0.09294031,"Cheapside, Bank",42,43,0,,FALSE,22180
126,2010-07-15,TRUE,51.51782144,FALSE,-0.096496865,"Museum of London, Barbican",51,52,0,,FALSE,1043
195,2010-07-17,TRUE,51.50724437,FALSE,-0.106237501,"Milroy Walk, South Bank",29,30,1,,FALSE,959
448,2012-01-07,TRUE,51.50623,FALSE,-0.02296,"Fisherman's Walk West, Canary Wharf",34,36,1,,FALSE,22165
32,2010-07-07,TRUE,51.52469624,FALSE,-0.084439283,"Leonard Circus , Shoreditch",42,43,1,,FALSE,1020
215,2010-07-19,TRUE,51.51906932,FALSE,-0.088285377,"Moorfields, Moorgate",51,54,1,,FALSE,1092
707,2013-11-14,TRUE,51.49021762,FALSE,-0.215087092,"Barons Court Station, West Kensington",29,32,2,,FALSE,200197
228,2010-07-20,TRUE,51.50742485,FALSE,-0.134621209,"St. James's Square, St. James's",38,40,2,,FALSE,1067
193,2010-07-17,TRUE,51.50581776,FALSE,-0.100186337,"Bankside Mix, Bankside",49,60,10,,FALSE,963
194,2010-07-17,TRUE,51.50462759,FALSE,-0.091773776,"Hop Exchange, The Borough",40,56,15,,FALSE,960
98,2010-07-14,TRUE,51.52554222,FALSE,-0.138231303,"Hampstead Road, Euston",31,54,21,,FALSE,972
785,2016-01-04,TRUE,51.54094,FALSE,-0.010510565,"Aquatic Centre, Queen Elizabeth Olympic Park",39,64,21,,FALSE,300233
532,2012-02-10,TRUE,51.50357,FALSE,-0.020068,"Jubilee Plaza, Canary Wharf",31,63,31,,FALSE,200163
154,,TRUE,51.50379168,FALSE,-0.11282408,"Waterloo Station 3, Waterloo",0,35,34,,FALSE,1072
462,2012-01-11,TRUE,51.541603,FALSE,-0.138853,"Bonny Street, Camden Town",0,45,45,,FALSE,200105
404,2011-03-09,TRUE,51.50204238,FALSE,-0.184400221,"Palace Gate, Kensington Gardens",0,13,11,,FALSE,1110
290,2010-07-22,TRUE,51.51678023,FALSE,-0.175488803,"Winsland Street, Paddington",0,15,13,,FALSE,3496
356,2010-10-25,TRUE,51.494412,FALSE,-0.173881,"South Kensington Station, South Kensington",0,15,14,,FALSE,2685
459,,TRUE,51.535179,FALSE,-0.03338,"Gunmakers Lane, Old Ford",0,17,14,,FALSE,200014
419,2011-06-22,TRUE,51.485821,FALSE,-0.149004,"Chelsea Bridge, Pimlico",0,15,15,,FALSE,22160
7,2010-07-04,TRUE,51.53430039,FALSE,-0.1680743,"Charlbert Street, St. John's Wood",0,16,16,,FALSE,3422
43,2010-07-09,TRUE,51.52026,FALSE,-0.157183945,"Crawford Street, Marylebone",0,18,16,,FALSE,1036
46,2010-07-09,TRUE,51.507131,FALSE,-0.06691,"Nesham Street, Wapping",0,16,16,,FALSE,1031
164,2010-07-16,TRUE,51.515607,FALSE,-0.183118788,"Cleveland Gardens, Bayswater",0,16,16,,FALSE,1178
396,2011-03-02,TRUE,51.51809,FALSE,-0.163609,"Shouldham Street, Marylebone",0,16,16,,FALSE,2693
451,2012-01-02,TRUE,51.504719,FALSE,-0.063531,"Hermitage Court, Wapping",0,16,16,,FALSE,200021
471,2012-01-17,TRUE,51.533283,FALSE,-0.028155,"Hewison Street, Old Ford",0,19,16,,FALSE,200006
517,2012-01-17,TRUE,51.532513,FALSE,-0.033085,"Ford Road, Old Ford",0,17,16,,FALSE,200027
604,,TRUE,51.538792,FALSE,-0.138535,"St Martins Close, Camden Town",0,18,16,,FALSE,200195
189,2010-07-17,TRUE,51.53166681,FALSE,-0.109914711,"Claremont Square, Angel",0,18,17,,FALSE,1104
537,2012-02-27,TRUE,51.51793,FALSE,-0.067937,"Old Montague Street, Whitechapel",0,18,17,,FALSE,200239
565,,TRUE,51.521905,FALSE,-0.063386,"Selby Street, Whitechapel",0,17,17,,FALSE,200135
721,2013-11-21,TRUE,51.53603947,FALSE,-0.026262677,"Wendon Street, Old Ford",0,18,17,,FALSE,300039
33,2010-07-07,TRUE,51.5156,FALSE,-0.070056,"Central House, Aldgate",0,18,18,,FALSE,3430
149,2010-07-15,TRUE,51.48478899,FALSE,-0.110683213,"Kennington Road Post Office, Oval",0,18,18,,FALSE,1073
394,,TRUE,51.524826,FALSE,-0.176268,"Aberdeen Place, St. John's Wood",0,18,18,,FALSE,2698
759,2014-01-13,TRUE,51.52456169,FALSE,-0.165668686,"Broadley Terrace, Marylebone",0,18,18,,FALSE,300072
1,2010-07-12,TRUE,51.52916347,FALSE,-0.109970527,"River Street , Clerkenwell",0,19,19,,FALSE,1023
75,2010-07-12,TRUE,51.53219984,FALSE,-0.105480698,"Torrens Street, Angel",0,19,19,,FALSE,1060
113,2010-07-14,TRUE,51.49646288,FALSE,-0.183289032,"Gloucester Road (Central), South Kensington",0,19,19,,FALSE,3435
155,2010-07-16,TRUE,51.49586666,FALSE,-0.191933711,"Lexham Gardens, Kensington",0,19,19,,FALSE,1121
350,2010-09-29,TRUE,51.50171544,FALSE,-0.1798541844,"Queen's Gate, Kensington Gardens",0,21,19,,FALSE,1231
479,2012-01-19,TRUE,51.527152,FALSE,-0.058005,"Pott Street, Bethnal Green",0,20,19,,FALSE,200156
577,,TRUE,51.528869,FALSE,-0.047548,"Globe Town Market, Bethnal Green",0,20,19,,FALSE,200247
710,2013-11-15,TRUE,51.47439218,FALSE,-0.163347594,"Albert Bridge Road, Battersea Park",0,20,19,,FALSE,300045
722,2013-11-21,TRUE,51.52458353,FALSE,-0.058631453,"Finnis Street, Bethnal Green",0,19,19,,FALSE,300041
91,2010-07-13,TRUE,51.49368637,FALSE,-0.111014912,"Walnut Tree Walk, Vauxhall",0,20,20,,FALSE,1076
152,2010-07-15,TRUE,51.49217002,FALSE,-0.101536865,"Hampton Street, Walworth",0,21,20,,FALSE,1118
208,2010-07-18,TRUE,51.52505151,FALSE,-0.166304359,"Mallory Street, Marylebone",0,20,20,,FALSE,1175
332,2010-07-26,TRUE,51.49334336,FALSE,-0.194757949,"Nevern Place, Earl's Court",0,20,20,,FALSE,1210
531,2012-02-09,TRUE,51.530326,FALSE,-0.042744,"Twig Folly Bridge, Mile End",0,21,20,,FALSE,200167
584,,TRUE,51.51244,FALSE,-0.19096,"Ilchester Gardens, Bayswater",0,21,20,,FALSE,200086
255,2010-07-21,TRUE,51.52557531,FALSE,-0.179592915,"Clifton Road, Maida Vale",0,22,21,,FALSE,1147
520,,TRUE,51.526041,FALSE,-0.047218,"Bancroft Road, Bethnal Green",0,21,21,,FALSE,200234
543,,TRUE,51.509591,FALSE,-0.204666,"Lansdowne Walk, Ladbroke Grove",0,21,21,,FALSE,200065
657,2013-10-24,TRUE,51.4996806,FALSE,-0.221791552,"Blythe Road West, Shepherd's Bush",0,21,21,,FALSE,200220
756,2014-01-20,TRUE,51.47515398,FALSE,-0.159169801,"Prince of Wales Drive, Battersea Park",0,21,21,,FALSE,300073
321,2010-07-23,TRUE,51.49785559,FALSE,-0.081608045,"Bermondsey Street, Bermondsey",0,24,22,,FALSE,2637
328,2010-07-26,TRUE,51.53114,FALSE,-0.086016,"New North Road 2, Hoxton",0,22,22,,FALSE,2641
643,2013-10-17,TRUE,51.5190427,FALSE,-0.204764421,"All Saints' Road, Portobello",0,22,22,,FALSE,300026
649,2013-10-21,TRUE,51.48180515,FALSE,-0.18027465,"World's End Place, West Chelsea",0,22,22,,FALSE,300009
758,2014-01-08,TRUE,51.51787005,FALSE,-0.201005397,"Westbourne Park Road, Portobello",0,23,22,,FALSE,300057
176,2010-07-16,TRUE,51.51791921,FALSE,-0.188098863,"Gloucester Terrace, Bayswater",0,23,23,,FALSE,1173
485,2012-01-22,TRUE,51.531127,FALSE,-0.048017,"Old Ford Road, Bethnal Green",0,24,23,,FALSE,22173
616,,TRUE,51.48102131,FALSE,-0.209973497,"Aintree Street, Fulham",0,24,23,,FALSE,200098
653,2013-10-23,TRUE,51.47084722,FALSE,-0.17070367,"Simpson Street, Clapham Junction",0,25,23,,FALSE,200196
727,2013-11-22,TRUE,51.47569809,FALSE,-0.20587627,"Chesilton Road, Fulham",0,23,23,,FALSE,300054
782,2015-11-02,TRUE,51.483911,FALSE,-0.19760944,"Halford Road, West Kensington",0,24,23,,FALSE,300210
70,2010-07-11,TRUE,51.53136059,FALSE,-0.117069978,"Calshot Street , King's Cross",0,24,24,,FALSE,1066
153,2010-07-15,TRUE,51.511933,FALSE,-0.174411,"Bayswater Road, Hyde Park",0,27,24,,FALSE,1096
329,2010-07-26,TRUE,51.53589283,FALSE,-0.160854428,"Prince Albert Road, The Regent's Park",0,24,24,,FALSE,2636
468,2012-01-12,TRUE,51.521564,FALSE,-0.022694,"Cantrell Road, Bow",0,24,24,,FALSE,200150
501,2012-01-24,TRUE,51.522561,FALSE,-0.054883,"Cephas Street, Bethnal Green",0,24,24,,FALSE,200073
515,,TRUE,51.500088,FALSE,-0.211316,"Russell Gardens, Olympia",0,24,24,,FALSE,200080
702,2013-11-13,TRUE,51.52868155,FALSE,-0.065550321,"Durant Street, Bethnal Green",0,24,24,,FALSE,200213
716,2013-11-19,TRUE,51.51542791,FALSE,-0.02356501,"Stainsby Road , Poplar",0,24,24,,FALSE,300048
820,2016-12-15,TRUE,51.492807,FALSE,-0.091938,"Victory Place, Walworth",0,24,24,,FALSE,300239
293,2010-07-22,TRUE,51.49815779,FALSE,-0.209494128,"Kensington Olympia Station, Olympia",0,25,25,,FALSE,1214
464,2012-01-11,TRUE,51.51417,FALSE,-0.052099,"St. Mary & St. Michael Church, Stepney",0,25,25,,FALSE,200082
697,2013-11-12,TRUE,51.53639219,FALSE,-0.112721065,"Charlotte Terrace, Angel",0,25,25,,FALSE,200129
639,2013-10-15,TRUE,51.48357068,FALSE,-0.202038682,"Coomer Place, West Kensington",0,27,26,,FALSE,200081
679,2013-11-05,TRUE,51.47453545,FALSE,-0.170210533,"Orbel Street, Battersea",0,26,26,,FALSE,200114
761,2014-01-15,TRUE,51.48321729,FALSE,-0.211860644,"Humbolt Road, Fulham",0,26,26,,FALSE,300068
94,2010-07-13,TRUE,51.49506109,FALSE,-0.085814489,"Bricklayers Arms, Borough",0,28,27,,FALSE,1070
625,2013-10-08,TRUE,51.47761941,FALSE,-0.149551631,"Queen's Circus, Battersea Park",0,28,27,,FALSE,200190
655,2013-10-24,TRUE,51.48294452,FALSE,-0.219346128,"Crabtree Lane, Fulham",0,27,27,,FALSE,200221
798,2016-06-01,TRUE,51.53019988,FALSE,-0.1222994408,"Birkenhead Street, King's Cross",0,27,27,,FALSE,300212
805,2016-07-04,TRUE,51.52006942,FALSE,-0.2063383843,"Bevington Road, North Kensington",0,27,27,,FALSE,300244
445,2012-01-07,TRUE,51.52388,FALSE,-0.065076,"Cheshire Street, Bethnal Green",0,28,28,,FALSE,200003
505,2012-01-30,TRUE,51.520398,FALSE,-0.026768,"Ackroyd Drive, Bow",0,29,28,,FALSE,200038
670,2013-10-31,TRUE,51.46718562,FALSE,-0.152248582,"Ashley Crescent, Battersea",0,28,28,,FALSE,200169
739,2013-11-28,TRUE,51.48176572,FALSE,-0.185273723,"Hortensia Road, West Brompton",0,28,28,,FALSE,300091
658,2013-11-06,TRUE,51.47729232,FALSE,-0.16478637,"Ethelburga Estate, Battersea Park",0,30,29,,FALSE,300005
504,2012-01-30,TRUE,51.496454,FALSE,-0.009506,"St. John's Park, Cubitt Town",0,30,30,,FALSE,200243
518,,TRUE,51.528224,FALSE,-0.037471,"Antill Road, Mile End",0,30,30,,FALSE,200041
648,2013-10-21,TRUE,51.46904022,FALSE,-0.19627483,"Peterborough Road, Sands End",0,30,30,,FALSE,200171
701,2013-11-13,TRUE,51.47287627,FALSE,-0.176267008,"Vicarage Crescent, Battersea",0,30,30,,FALSE,200077
767,2014-02-26,TRUE,51.45705988,FALSE,-0.200806304,"Santos Road, Wandsworth",0,30,30,,FALSE,200177
814,2016-06-02,TRUE,51.47143307,FALSE,-0.1236707357,"Clapham Road, Lingham Street, Stockwell",0,30,30,,FALSE,300245
507,2012-01-30,TRUE,51.528692,FALSE,-0.059091,"Clarkson Street, Bethnal Green",0,31,31,,FALSE,200131
533,,TRUE,51.528222,FALSE,-0.069743,"Wellington Row, Bethnal Green",0,33,31,,FALSE,200165
483,2012-01-20,TRUE,51.51328,FALSE,-0.047784,"Albert Gardens, Stepney",0,33,32,,FALSE,22166
460,2012-01-11,TRUE,51.516196,FALSE,-0.029138,"Burdett Road, Mile End",0,33,33,,FALSE,200123
486,2012-01-23,TRUE,51.525645,FALSE,-0.069543,"Granby Street, Shoreditch",0,37,36,,FALSE,22174
499,2012-01-24,TRUE,51.519265,FALSE,-0.021345,"Furze Green, Bow",0,36,36,,FALSE,200011
635,2013-10-14,TRUE,51.48606206,FALSE,-0.214428378,"Greyhound Road, Hammersmith",0,37,37,,FALSE,200215
408,,TRUE,51.51994326,FALSE,-0.170704337,"Paddington Green Police Station, Paddington",0,40,39,,FALSE,1129
500,2012-01-24,TRUE,51.519806,FALSE,-0.055731,"Ansell House, Stepney",0,41,39,,FALSE,200148
699,2013-11-12,TRUE,51.5366541,FALSE,-0.07023031,"Belford House, Haggerston",0,39,39,,FALSE,200057
619,2013-09-30,TRUE,51.4737636,FALSE,-0.197010096,"Irene Road, Parsons Green",0,43,43,,FALSE,300012
681,2013-11-06,TRUE,51.47303687,FALSE,-0.214749808,"Bishop's Avenue, Fulham",1,46,44,,FALSE,200043
200,2010-07-18,TRUE,51.51492456,FALSE,-0.066078037,"LMU Commercial Road, Whitechapel",1,14,12,,FALSE,1105
165,2010-07-16,TRUE,51.517932,FALSE,-0.183716959,"Orsett Terrace, Bayswater",1,15,14,,FALSE,2585
397,2011-03-02,TRUE,51.51348,FALSE,-0.17977,"Devonshire Terrace, Bayswater",1,16,15,,FALSE,1227
300,2010-07-22,TRUE,51.505014,FALSE,-0.17306032,"Serpentine Car Park, Hyde Park",1,18,16,,FALSE,1217
344,2010-07-27,TRUE,51.528246,FALSE,-0.10102611,"Goswell Road (City Uni), Finsbury",1,17,16,,FALSE,1222
467,2012-01-12,TRUE,51.523538,FALSE,-0.030556,"Southern Grove, Bow",1,17,16,,FALSE,200168
375,2010-12-08,TRUE,51.50194596,FALSE,-0.194392952,"Kensington Town Hall, Kensington",1,18,17,,FALSE,10632
704,2013-11-14,TRUE,51.45682071,FALSE,-0.202802098,"Mexfield Road, East Putney",1,18,17,,FALSE,200063
28,2010-07-07,TRUE,51.52351808,FALSE,-0.143613641,"Bolsover Street, Fitzrovia",1,19,18,,FALSE,1025
521,,TRUE,51.534137,FALSE,-0.037366,"Driffield Road, Old Ford",1,19,18,,FALSE,200030
609,2013-09-25,TRUE,51.46512358,FALSE,-0.157788279,"Sugden Road, Clapham",1,19,18,,FALSE,200208
379,2011-01-27,TRUE,51.51431171,FALSE,-0.200838199,"Turquoise Island, Notting Hill",1,21,19,,FALSE,2682
319,2010-07-23,TRUE,51.52702563,FALSE,-0.088542771,"Baldwin Street, St. Luke's",1,21,20,,FALSE,3500
610,2013-09-25,TRUE,51.48256792,FALSE,-0.172078187,"Danvers Street, West Chelsea",1,21,20,,FALSE,200222
617,2013-09-30,TRUE,51.47107905,FALSE,-0.207842908,"Elysium Place, Fulham",1,21,20,,FALSE,200028
29,2010-07-07,TRUE,51.513735,FALSE,-0.193487,"Hereford Road, Bayswater",1,22,21,,FALSE,1016
712,2013-11-18,TRUE,51.51854104,FALSE,-0.034903714,"Mile End Stadium, Mile End",1,22,21,,FALSE,300056
234,2010-07-20,TRUE,51.53450449,FALSE,-0.106992706,"Liverpool Road (N1 Centre), Angel",1,24,23,,FALSE,1081
480,2012-01-19,TRUE,51.5128711,FALSE,-0.0389866,"Flamborough Street, Limehouse",1,25,23,,FALSE,200115
615,2013-09-27,TRUE,51.4768851,FALSE,-0.215895601,"Finlay Street, Fulham",1,24,23,,FALSE,200029
626,2013-10-16,TRUE,51.48438657,FALSE,-0.20481514,"Normand Park, West Kensington",1,24,23,,FALSE,300008
755,2014-01-06,TRUE,51.48512191,FALSE,-0.174971902,"The Vale, Chelsea",1,24,23,,FALSE,300058
827,2018-02-05,TRUE,51.479601,FALSE,-0.11147178,"Cranmer Road, Stockwell",1,24,23,,FALSE,300247
339,2010-07-26,TRUE,51.5333196,FALSE,-0.1117812,"Risinghill Street, Angel",1,25,24,,FALSE,1127
748,2013-12-04,TRUE,51.53727795,FALSE,-0.079201849,"Hertford Road, De Beauvoir Town",1,25,24,,FALSE,300092
458,2012-01-11,TRUE,51.504749,FALSE,-0.057544,"Wapping Lane, Wapping",1,28,26,,FALSE,200034
620,2013-10-01,TRUE,51.47518024,FALSE,-0.167160736,"Surrey Lane, Battersea",1,28,26,,FALSE,300010
677,2013-11-03,TRUE,51.46866929,FALSE,-0.146544642,"Heath Road, Battersea",1,27,26,,FALSE,200023
783,2015-11-26,TRUE,51.5403115,FALSE,-0.021630359,"Monier Road, Hackney Wick",1,27,26,,FALSE,300213
351,2010-10-11,TRUE,51.529423,FALSE,-0.097122,"Macclesfield Rd, St Lukes",1,28,27,,FALSE,1226
665,2013-10-28,TRUE,51.46108367,FALSE,-0.191722864,"Smugglers Way, Wandsworth",1,28,27,,FALSE,200113
796,2016-02-29,TRUE,51.524,FALSE,-0.12640984,"Coram Street, Bloomsbury",1,29,27,,FALSE,300201
675,2013-11-01,TRUE,51.46348914,FALSE,-0.182126248,"Usk Road, Clapham Junction",1,30,28,,FALSE,200126
216,2010-07-19,TRUE,51.49094565,FALSE,-0.181190899,"Old Brompton Road, South Kensington",1,30,29,,FALSE,3479
253,2010-07-21,TRUE,51.53404294,FALSE,-0.086379717,"Shoreditch Park, Hoxton",1,30,29,,FALSE,1051
270,2010-07-21,TRUE,51.4863434,FALSE,-0.122492418,"Kennington Lane Rail Bridge, Vauxhall",1,31,29,,FALSE,1190
231,2010-07-20,TRUE,51.49396755,FALSE,-0.17873226,"Queen's Gate (Central), South Kensington",1,31,30,,FALSE,1089
578,2012-02-28,TRUE,51.527607,FALSE,-0.057133,"Hollybush Gardens, Bethnal Green",1,32,31,,FALSE,200244
206,2010-07-18,TRUE,51.518154,FALSE,-0.062697,"New Road 1 , Whitechapel",1,36,35,,FALSE,1171
666,2013-10-29,TRUE,51.49610093,FALSE,-0.208158259,"Olympia Way, Olympia",1,38,36,,FALSE,300004
524,2012-02-06,TRUE,51.511654,FALSE,-0.179668,"Lancaster Gate , Bayswater",1,38,37,,FALSE,200017
409,,TRUE,51.493146,FALSE,-0.099828,"Strata, Elephant & Castle",1,41,39,,FALSE,10624
469,2012-01-12,TRUE,51.513757,FALSE,-0.020467,"Lindfield Street, Poplar",1,44,43,,FALSE,22178
334,2010-07-26,TRUE,51.505044,FALSE,-0.115851,"Concert Hall Approach 1, South Bank",2,10,8,,FALSE,2635
402,2011-03-08,TRUE,51.52289229,FALSE,-0.171681991,"Penfold Street, Marylebone",2,15,13,,FALSE,10625
34,2010-07-07,TRUE,51.5341235,FALSE,-0.129386874,"Pancras Road, King's Cross",2,16,14,,FALSE,3428
123,2010-07-15,TRUE,51.52836014,FALSE,-0.104724625,"St. John Street, Finsbury",2,18,15,,FALSE,992
47,2010-07-10,TRUE,51.52334476,FALSE,-0.183846408,"Warwick Avenue Station, Maida Vale",2,19,16,,FALSE,1027
97,2010-07-14,TRUE,51.49792478,FALSE,-0.183834706,"Gloucester Road (North), Kensington",2,18,16,,FALSE,3447
568,,TRUE,51.51616,FALSE,-0.18697,"Bishop's Bridge Road West, Bayswater",2,18,16,,FALSE,200110
204,2010-07-18,TRUE,51.52659961,FALSE,-0.112432615,"Margery Street, Clerkenwell",2,19,17,,FALSE,3468
352,2010-10-11,TRUE,51.486965,FALSE,-0.116625,"Vauxhall Street, Vauxhall",2,19,17,,FALSE,1224
769,2014-03-04,TRUE,51.473611,FALSE,-0.191803,"Sandilands Road, Walham Green",2,21,18,,FALSE,300001
190,2010-07-17,TRUE,51.48997562,FALSE,-0.132845681,"Rampayne Street, Pimlico",2,21,19,,FALSE,1106
307,2010-07-22,TRUE,51.50990837,FALSE,-0.187842717,"Black Lion Gate, Kensington Gardens",2,24,19,,FALSE,1157
466,2012-01-12,TRUE,51.534464,FALSE,-0.076341,"Whiston Road, Haggerston",2,21,19,,FALSE,200158
695,2013-11-11,TRUE,51.53638435,FALSE,-0.102757578,"Islington Green, Angel",2,21,19,,FALSE,300031
223,2010-07-20,TRUE,51.49148474,FALSE,-0.090220911,"Rodney Road , Walworth",2,24,20,,FALSE,3481
660,2013-10-25,TRUE,51.49087074,FALSE,-0.206029743,"West Kensington Station, West Kensington",2,22,20,,FALSE,300020
4,2010-07-04,TRUE,51.53005939,FALSE,-0.120973687,"St. Chad's Street, King's Cross",2,23,21,,FALSE,1013
487,2012-01-30,TRUE,51.511811,FALSE,-0.025626,"Canton Street, Poplar",2,23,21,,FALSE,22175
729,2013-11-25,TRUE,51.47893931,FALSE,-0.208485293,"St. Peter's Terrace, Fulham",2,24,21,,FALSE,300043
142,2010-07-15,TRUE,51.49372451,FALSE,-0.198286569,"West Cromwell Road, Earl's Court",2,24,22,,FALSE,1001
145,2010-07-15,TRUE,51.50074359,FALSE,-0.202759212,"Ilchester Place, Kensington",2,24,22,,FALSE,1115
618,2013-09-30,TRUE,51.47625965,FALSE,-0.193254007,"Eel Brook Common, Walham Green",2,24,22,,FALSE,300003
690,2013-11-08,TRUE,51.47047503,FALSE,-0.152130083,"Stanley Grove, Battersea",2,24,22,,FALSE,200199
747,2013-12-02,TRUE,51.48796408,FALSE,-0.161765173,"Ormonde Gate, Chelsea",2,24,22,,FALSE,300089
757,2014-01-07,TRUE,51.48795853,FALSE,-0.187404506,"Harcourt Terrace, West Brompton",2,24,22,,FALSE,300069
807,2016-06-23,TRUE,51.5212,FALSE,-0.20888818,"Bevington Road West, North Kensington",2,24,22,,FALSE,300236
105,2010-07-14,TRUE,51.51552971,FALSE,-0.190240716,"Westbourne Grove, Bayswater",2,26,23,,FALSE,1041
687,2013-11-07,TRUE,51.49760804,FALSE,-0.21145598,"Maclise Road, Olympia",2,26,23,,FALSE,200216
700,2013-11-13,TRUE,51.47696496,FALSE,-0.174347066,"Battersea Church Road, Battersea",2,25,23,,FALSE,200201
638,2013-10-15,TRUE,51.46663393,FALSE,-0.169821175,"Falcon Road, Clapham Junction",2,28,25,,FALSE,300014
806,2016-09-01,TRUE,51.53724056,FALSE,-0.1248073857,"Handyside Street, King's Cross",2,27,25,,FALSE,300241
302,2010-07-22,TRUE,51.466907,FALSE,-0.216573,"Putney Pier, Wandsworth",2,28,26,,FALSE,3492
680,2013-11-05,TRUE,51.47768469,FALSE,-0.170329317,"Westbridge Road, Battersea",2,28,26,,FALSE,200210
512,2012-02-01,TRUE,51.532091,FALSE,-0.06142,"Pritchard's Road, Bethnal Green",2,30,28,,FALSE,200083
797,2016-03-01,TRUE,51.5293,FALSE,-0.12827903,"Ossulston Street, Somers Town",2,30,28,,FALSE,300211
828,2018-02-05,TRUE,51.473874,FALSE,-0.11258096,"Normandy Road, Stockwell",2,32,29,,FALSE,300225
802,2016-06-02,TRUE,51.47659006,FALSE,-0.1182567891,"Albert Square, Stockwell",2,32,30,,FALSE,300209
519,,TRUE,51.518811,FALSE,-0.011662,"Teviot Street, Poplar",2,33,31,,FALSE,200254
286,2010-07-21,TRUE,51.5272947,FALSE,-0.174653609,"St. John's Wood Road, St. John's Wood",2,35,33,,FALSE,1187
738,2013-11-27,TRUE,51.47514228,FALSE,-0.187278987,"Imperial Road, Sands End",2,37,35,,FALSE,300087
749,2013-12-04,TRUE,51.53932857,FALSE,-0.074284675,"Haggerston Road, Haggerston",2,37,35,,FALSE,300081
282,2010-07-21,TRUE,51.51906446,FALSE,-0.059642081,"Royal London Hospital, Whitechapel",2,42,40,,FALSE,1077
491,2012-01-22,TRUE,51.522507,FALSE,-0.041378,"Queen Mary's, Mile End",2,45,43,,FALSE,200249
333,2010-07-26,TRUE,51.50860544,FALSE,-0.193764092,"Palace Gardens Terrace, Notting Hill",3,37,34,,FALSE,2633
718,2013-11-20,TRUE,51.53571683,FALSE,-0.060291813,"Ada Street, Hackney Central",3,45,41,,FALSE,300040
185,2010-07-17,TRUE,51.48805753,FALSE,-0.140741432,"Alderney Street, Pimlico",3,14,10,,FALSE,1174
171,2010-07-16,TRUE,51.4916156,FALSE,-0.186753859,"Collingham Gardens, Earl's Court",3,14,11,,FALSE,3459
173,2010-07-16,TRUE,51.50486,FALSE,-0.113001,"Waterloo Road, South Bank",3,15,12,,FALSE,1176
261,2010-07-21,TRUE,51.5134891,FALSE,-0.191351186,"Princes Square, Bayswater",3,15,12,,FALSE,3491
412,2011-04-05,TRUE,51.488105,FALSE,-0.110121,"Cleaver Street, Kennington",3,17,12,,FALSE,10628
56,2010-07-10,TRUE,51.52058381,FALSE,-0.154701411,"Paddington Street, Marylebone",3,16,13,,FALSE,1033
257,2010-07-21,TRUE,51.52248185,FALSE,-0.154907218,"Westminster University, Marylebone",3,16,13,,FALSE,1194
337,2010-07-26,TRUE,51.51108452,FALSE,-0.197524944,"Pembridge Villas, Notting Hill",3,16,13,,FALSE,2589
426,2011-07-12,TRUE,51.493072,FALSE,-0.129925,"Vincent Street, Pimlico",3,17,13,,FALSE,22161
277,2010-07-21,TRUE,51.50315739,FALSE,-0.191496313,"Kensington Church Street, Kensington",3,17,14,,FALSE,1143
60,2010-07-10,TRUE,51.52644828,FALSE,-0.172190727,"Lisson Grove, St. John's Wood",3,18,15,,FALSE,1030
207,2010-07-19,TRUE,51.50135267,FALSE,-0.153194766,"Grosvenor Crescent, Belgravia",3,18,15,,FALSE,1169
254,2010-07-21,TRUE,51.53051587,FALSE,-0.106408455,"Chadwell Street, Angel",3,18,15,,FALSE,3471
760,2014-01-21,TRUE,51.52526975,FALSE,-0.163795009,"Rossmore Road, Marylebone",3,18,15,,FALSE,300071
627,2013-10-16,TRUE,51.4687905,FALSE,-0.158230901,"Holden Street, Battersea",3,20,17,,FALSE,200007
742,2013-11-28,TRUE,51.51510818,FALSE,-0.208565479,"Blenheim Crescent, Ladbroke Grove",3,22,17,,FALSE,300090
76,2010-07-12,TRUE,51.52559505,FALSE,-0.144083893,"Longford Street, The Regent's Park",3,21,18,,FALSE,976
478,2012-01-19,TRUE,51.521889,FALSE,-0.04667,"Stepney Green Station, Stepney",3,21,18,,FALSE,200012
777,2014-07-25,TRUE,51.46192307,FALSE,-0.1652978567,"Limburg Road, Clapham Junction",3,21,18,,FALSE,300100
550,,TRUE,51.521564,FALSE,-0.039264,"Harford Street, Mile End",3,23,19,,FALSE,200102
623,2013-10-07,TRUE,51.46193072,FALSE,-0.180791784,"Nantes Close, Wandsworth",3,22,19,,FALSE,200186
444,2012-01-07,TRUE,51.52568,FALSE,-0.055312,"Bethnal Green Garden, Bethnal Green",3,24,20,,FALSE,200047
183,2010-07-17,TRUE,51.482362,FALSE,-0.13612398,"Riverlight North, Nine Elms",3,24,21,,FALSE,1165
545,,TRUE,51.539957,FALSE,-0.145246,"Arlington Road, Camden Town",3,24,21,,FALSE,200070
151,2010-07-15,TRUE,51.51213691,FALSE,-0.201554966,"Chepstow Villas, Notting Hill",3,26,22,,FALSE,1120
326,2010-07-23,TRUE,51.53266186,FALSE,-0.099981142,"Graham Street, Angel",3,25,22,,FALSE,1131
651,2013-10-22,TRUE,51.48089844,FALSE,-0.183853573,"Thorndike Close, West Chelsea",3,25,22,,FALSE,300030
42,2010-07-08,TRUE,51.53099181,FALSE,-0.093903825,"Wenlock Road , Hoxton",3,28,23,,FALSE,979
714,2013-11-19,TRUE,51.47311696,FALSE,-0.137235175,"Stewart's Road, Wandsworth Road",3,28,24,,FALSE,300055
750,2013-12-05,TRUE,51.4710956,FALSE,-0.157850096,"Culvert Road, Battersea",3,27,24,,FALSE,300080
689,2013-11-08,TRUE,51.45922541,FALSE,-0.180884959,"Spanish Road, Clapham Junction",3,30,25,,FALSE,200106
816,2017-03-09,TRUE,51.54653279,FALSE,-0.02059759046,"Here East South, Queen Elizabeth Olympic Park",3,28,25,,FALSE,300219
711,2013-11-18,TRUE,51.48335692,FALSE,-0.216305546,"Everington Street, Fulham",3,31,28,,FALSE,300028
156,2010-07-16,TRUE,51.49443626,FALSE,-0.092921165,"New Kent Road, The Borough",3,33,29,,FALSE,966
788,2016-01-04,TRUE,51.544836,FALSE,-0.019524752,"Copper Box Arena, Queen Elizabeth Olympic Park",3,33,30,,FALSE,300226
536,,TRUE,51.53385,FALSE,-0.06992,"Queensbridge Road, Haggerston",3,35,31,,FALSE,200024
146,2010-07-15,TRUE,51.48836528,FALSE,-0.129361842,"Vauxhall Bridge , Pimlico",3,35,32,,FALSE,1046
235,2010-07-20,TRUE,51.49571828,FALSE,-0.110889274,"Kennington Road  , Vauxhall",3,36,32,,FALSE,1154
661,2013-10-27,TRUE,51.51632095,FALSE,-0.202608612,"All Saints Church, Portobello",3,37,32,,FALSE,300023
698,2013-11-12,TRUE,51.53908372,FALSE,-0.070329419,"Shoreditch Court, Haggerston",3,35,32,,FALSE,200121
132,2010-07-15,TRUE,51.52364804,FALSE,-0.074754872,"Bethnal Green Road, Shoreditch",3,38,33,,FALSE,973
580,2014-02-12,TRUE,51.48692917,FALSE,-0.102996299,"Doddington Grove, Kennington",3,36,33,,FALSE,200084
14,2010-07-05,TRUE,51.52994371,FALSE,-0.123616824,"Belgrove Street , King's Cross",4,48,41,,FALSE,1011
82,2010-07-13,TRUE,51.514274,FALSE,-0.111257,"Chancery Lane, Holborn",4,15,11,,FALSE,3453
186,2010-07-17,TRUE,51.51733558,FALSE,-0.175810943,"South Wharf Road, Paddington",4,16,11,,FALSE,1167
21,2010-07-06,TRUE,51.53007835,FALSE,-0.13884627,"Hampstead Road (Cartmel), Euston",4,16,12,,FALSE,3426
74,2010-07-12,TRUE,51.48591714,FALSE,-0.124469948,"Vauxhall Cross, Vauxhall",4,17,13,,FALSE,1000
212,2010-07-19,TRUE,51.50658458,FALSE,-0.199004026,"Campden Hill Road, Notting Hill",4,17,13,,FALSE,3487
430,2011-12-22,TRUE,51.48902,FALSE,-0.17524,"South Parade, Chelsea",4,18,13,,FALSE,22182
52,2010-07-10,TRUE,51.52295439,FALSE,-0.094934859,"Roscoe Street, St. Luke's",4,18,14,,FALSE,1026
103,2010-07-14,TRUE,51.50472376,FALSE,-0.192538767,"Vicarage Gate, Kensington",4,18,14,,FALSE,3441
312,2010-07-23,TRUE,51.53088935,FALSE,-0.176770502,"Grove End Road, St. John's Wood",4,20,16,,FALSE,1130
488,2012-01-22,TRUE,51.506946,FALSE,-0.058681,"Reardon Street, Wapping",4,22,17,,FALSE,22176
327,2010-07-26,TRUE,51.53095,FALSE,-0.085603,"New North Road 1, Hoxton",4,22,18,,FALSE,1128
726,2013-11-22,TRUE,51.47505096,FALSE,-0.150908371,"Alfreda Street, Battersea Park",4,22,18,,FALSE,300047
399,2011-03-08,TRUE,51.52261762,FALSE,-0.071653961,"Brick Lane Market, Shoreditch",4,24,20,,FALSE,2687
559,,TRUE,51.501391,FALSE,-0.205991,"Abbotsbury Road, Holland Park",4,24,20,,FALSE,200111
111,2010-07-14,TRUE,51.5100172,FALSE,-0.157275636,"Park Lane , Hyde Park",4,28,21,,FALSE,1037
243,2010-07-20,TRUE,51.49096258,FALSE,-0.139625122,"Gloucester Street, Pimlico",4,25,21,,FALSE,1103
637,2013-10-16,TRUE,51.45787019,FALSE,-0.174691623,"Spencer Park, Wandsworth Common",4,25,21,,FALSE,200191
248,2010-07-20,TRUE,51.50645179,FALSE,-0.170279555,"Triangle Car Park, Hyde Park",4,27,22,,FALSE,1088
295,2010-07-22,TRUE,51.50029631,FALSE,-0.092762704,"Swan Street, The Borough",4,27,22,,FALSE,1216
540,,TRUE,51.528302,FALSE,-0.144466,"Albany Street, The Regent's Park",4,27,22,,FALSE,200134
640,2013-10-17,TRUE,51.47286577,FALSE,-0.148059277,"Silverthorne Road, Battersea",4,27,22,,FALSE,200179
36,2010-07-07,TRUE,51.50173726,FALSE,-0.184980612,"De Vere Gardens, Kensington",4,28,24,,FALSE,3446
219,2010-07-19,TRUE,51.49016361,FALSE,-0.19039362,"Bramham Gardens, Earl's Court",4,29,24,,FALSE,1183
672,2013-10-31,TRUE,51.4646884,FALSE,-0.173656546,"Grant Road Central, Clapham Junction",4,28,24,,FALSE,200206
793,2016-03-31,TRUE,51.528279,FALSE,-0.11955857,"Cromer Street, Bloomsbury",4,28,24,,FALSE,300205
236,2010-07-20,TRUE,51.51838043,FALSE,-0.073438925,"Fashion Street, Whitechapel",4,30,26,,FALSE,3483
800,2016-03-04,TRUE,51.48112194,FALSE,-0.1490353749,"Sopwith Way, Battersea Park",4,30,26,,FALSE,300248
734,2013-11-26,TRUE,51.46230566,FALSE,-0.175407201,"Plough Terrace, Clapham Junction",4,31,27,,FALSE,300094
498,2012-01-24,TRUE,51.527058,FALSE,-0.025296,"Bow Road Station, Bow",4,41,36,,FALSE,200251
717,2013-11-20,TRUE,51.53658514,FALSE,-0.075885686,"Dunston Road , Haggerston",4,43,39,,FALSE,300024
763,2014-02-10,TRUE,51.52059714,FALSE,-0.032566533,"Mile End Park Leisure Centre, Mile End",4,47,43,,FALSE,300027
250,2010-07-20,TRUE,51.489932,FALSE,-0.162727,"Royal Avenue 1, Chelsea",5,10,4,,FALSE,3440
280,2010-07-21,TRUE,51.490083,FALSE,-0.162418,"Royal Avenue 2, Chelsea",5,10,4,,FALSE,3462
315,2010-07-23,TRUE,51.52536703,FALSE,-0.153463612,"The Tennis Courts, The Regent's Park",5,16,9,,FALSE,1199
405,2011-03-09,TRUE,51.49418566,FALSE,-0.18267094,"Gloucester Road Station, South Kensington",5,15,9,,FALSE,1107
192,2010-07-17,TRUE,51.51251523,FALSE,-0.133201961,"Wardour Street, Soho",5,16,10,,FALSE,1163
265,2010-07-21,TRUE,51.51595344,FALSE,-0.169249375,"Southwick Street, Paddington",5,17,11,,FALSE,3490
283,2010-07-21,TRUE,51.51440928,FALSE,-0.118478757,"Kingsway, Covent Garden",5,16,11,,FALSE,1141
367,,TRUE,51.5173721,FALSE,-0.1642075,"Harrowby Street, Marylebone",5,16,11,,FALSE,2680
110,2010-07-14,TRUE,51.53304322,FALSE,-0.172528678,"Wellington Road, St. John's Wood",5,17,12,,FALSE,1055
299,2010-07-22,TRUE,51.49398524,FALSE,-0.136928582,"Vincent Square, Westminster",5,19,13,,FALSE,1196
359,2010-11-05,TRUE,51.49782999,FALSE,-0.135440826,"Butler Place, Westminster",5,18,13,,FALSE,2662
589,,TRUE,51.487196,FALSE,-0.179369,"Drayton Gardens, West Chelsea",5,18,13,,FALSE,200060
454,2012-01-09,TRUE,51.487679,FALSE,-0.021582,"Napier Avenue, Millwall",5,20,15,,FALSE,200046
611,2013-09-26,TRUE,51.50646524,FALSE,-0.208486599,"Princedale Road , Holland Park",5,20,15,,FALSE,200067
272,2010-07-21,TRUE,51.50144456,FALSE,-0.110699309,"Baylis Road, Waterloo",5,22,16,,FALSE,1133
696,2013-11-11,TRUE,51.48728535,FALSE,-0.217995921,"Charing Cross Hospital, Hammersmith",5,21,16,,FALSE,300018
576,,TRUE,51.497304,FALSE,-0.022793,"Alpha Grove, Millwall",5,22,17,,FALSE,200109
720,2013-11-21,TRUE,51.48724429,FALSE,-0.205279052,"Star Road, West Kensington",5,23,18,,FALSE,300038
86,2010-07-13,TRUE,51.48947903,FALSE,-0.115156562,"Sancroft Street, Vauxhall",5,24,19,,FALSE,3434
441,2012-01-04,TRUE,51.495656,FALSE,-0.114605,"Sail Street, Vauxhall",5,24,19,,FALSE,200039
453,2012-01-09,TRUE,51.508447,FALSE,-0.055167,"Garnet Street, Shadwell",5,24,19,,FALSE,200045
664,2013-10-28,TRUE,51.474376,FALSE,-0.155442787,"Austin Road, Battersea Park",5,24,19,,FALSE,300013
647,2013-10-21,TRUE,51.50035306,FALSE,-0.217515071,"Richmond Way, Shepherd's Bush",5,27,22,,FALSE,200181
630,2013-10-11,TRUE,51.47073264,FALSE,-0.126994068,"Clarence Walk, Stockwell",5,28,23,,FALSE,200194
51,2010-07-10,TRUE,51.52671796,FALSE,-0.104298194,"Finsbury Library , Finsbury",5,29,24,,FALSE,986
511,2012-01-30,TRUE,51.511066,FALSE,-0.053558,"Sutton Street, Shadwell",5,33,24,,FALSE,200256
225,2010-07-20,TRUE,51.50935342,FALSE,-0.196422,"Notting Hill Gate Station, Notting Hill",5,30,25,,FALSE,1182
781,2015-11-02,TRUE,51.495898,FALSE,-0.173009,"Victoria & Albert Museum, South Kensington",5,30,25,,FALSE,300032
423,2011-07-05,TRUE,51.49456127,FALSE,-0.15393398,"Eaton Square (South), Belgravia",5,31,26,,FALSE,22164
214,2010-07-19,TRUE,51.52683806,FALSE,-0.130504336,"Endsleigh Gardens, Euston",5,32,27,,FALSE,1079
633,2013-10-10,TRUE,51.48959104,FALSE,-0.209378594,"Vereker Road, West Kensington",5,32,27,,FALSE,200116
314,2010-07-23,TRUE,51.50088934,FALSE,-0.083159352,"Tyers Gate, Bermondsey",5,36,30,,FALSE,3485
31,2010-07-07,TRUE,51.52953709,FALSE,-0.083353323,"Fanshaw Street, Hoxton",5,36,31,,FALSE,3427
266,2010-07-21,TRUE,51.50102668,FALSE,-0.180246101,"Queen's Gate (North), Kensington",5,41,36,,FALSE,1204
490,,TRUE,51.508622,FALSE,-0.065006,"Pennington Street, Wapping",5,45,40,,FALSE,200090
217,2010-07-19,TRUE,51.51615461,FALSE,-0.082422399,"Wormwood Street, Liverpool Street",6,16,8,,FALSE,2587
224,2010-07-20,TRUE,51.51476963,FALSE,-0.188129731,"Whiteley's, Bayswater",6,16,10,,FALSE,1150
37,2010-07-07,TRUE,51.49159394,FALSE,-0.192369256,"Penywern Road, Earl's Court",6,17,11,,FALSE,3444
120,2010-07-15,TRUE,51.51573534,FALSE,-0.093080779,"The Guildhall, Guildhall",6,17,11,,FALSE,1044
297,2010-07-22,TRUE,51.49612799,FALSE,-0.106000855,"Geraldine Street, Elephant & Castle",6,17,11,,FALSE,3498
353,2010-10-21,TRUE,51.49459148,FALSE,-0.134234258,"Greycoat Street , Westminster",6,17,11,,FALSE,10623
89,2010-07-13,TRUE,51.5262503,FALSE,-0.123509611,"Tavistock Place, Bloomsbury",6,19,12,,FALSE,3439
389,2011-02-10,TRUE,51.51013066,FALSE,-0.155757901,"Upper Grosvenor Street, Mayfair",6,18,12,,FALSE,10621
167,,TRUE,51.49395092,FALSE,-0.147624377,"Eccleston Place, Victoria",6,19,13,,FALSE,3465
264,2010-07-21,TRUE,51.52644342,FALSE,-0.109256828,"Tysoe Street, Clerkenwell",6,20,14,,FALSE,1146
298,2010-07-22,TRUE,51.50227992,FALSE,-0.074189225,"Curlew Street, Shad Thames",6,21,14,,FALSE,1213
370,2010-12-06,TRUE,51.520205,FALSE,-0.174593,"Paddington Green, Paddington",6,20,14,,FALSE,2670
583,,TRUE,51.497622,FALSE,-0.125978,"Abingdon Green, Westminster",6,20,14,,FALSE,200231
26,2010-07-06,TRUE,51.52728093,FALSE,-0.11829517,"Ampton Street , Clerkenwell",6,21,15,,FALSE,1019
181,2010-07-16,TRUE,51.49941247,FALSE,-0.152317537,"Belgrave Square, Belgravia",6,21,15,,FALSE,3473
380,2011-01-27,TRUE,51.50686435,FALSE,-0.150666888,"Stanhope Gate, Mayfair",6,21,15,,FALSE,3506
600,,TRUE,51.481747,FALSE,-0.124642,"South Lambeth Road, Vauxhall",6,21,15,,FALSE,200133
128,2010-07-15,TRUE,51.49536226,FALSE,-0.185296516,"Emperor's Gate, South Kensington",6,22,16,,FALSE,1116
242,2010-07-20,TRUE,51.52200801,FALSE,-0.151359288,"Beaumont Street, Marylebone",6,23,16,,FALSE,3482
463,,TRUE,51.534776,FALSE,-0.071881,"Thurtle Road, Haggerston",6,22,16,,FALSE,200093
227,2010-07-20,TRUE,51.52891573,FALSE,-0.115480888,"Great Percy Street, Clerkenwell",6,23,17,,FALSE,3470
691,2013-11-18,TRUE,51.47946386,FALSE,-0.195777222,"Erin Close, Walham Green",6,24,18,,FALSE,200184
703,2013-11-13,TRUE,51.51505991,FALSE,-0.10534448,"St. Bride Street, Holborn",6,25,18,,FALSE,200094
746,2013-12-02,TRUE,51.4795738,FALSE,-0.17903854,"Lots Road, West Chelsea",6,24,18,,FALSE,300076
597,,TRUE,51.473471,FALSE,-0.20782,"Fulham Park Road, Fulham",6,27,20,,FALSE,200229
830,2018-02-07,TRUE,51.469202,FALSE,-0.11902256,"Sidney Road, Stockwell",6,27,21,,FALSE,300229
743,2013-11-29,TRUE,51.46079243,FALSE,-0.212607684,"Oxford Road, Putney",6,29,23,,FALSE,300078
745,2013-11-29,TRUE,51.47816972,FALSE,-0.18243547,"Upcerne Road, West Chelsea",6,29,23,,FALSE,300075
744,2013-11-29,TRUE,51.46745485,FALSE,-0.172293499,"Ingrave Street, Clapham Junction",6,30,24,,FALSE,300077
71,2010-07-12,TRUE,51.5154186,FALSE,-0.098850915,"Newgate Street , St. Paul's",6,34,26,,FALSE,1074
673,2013-11-01,TRUE,51.46517078,FALSE,-0.18038939,"Hibbert Street, Battersea",6,36,29,,FALSE,300051
676,2013-11-04,TRUE,51.47787084,FALSE,-0.126874471,"Hartington Road, Stockwell",6,35,29,,FALSE,200207
644,2013-10-20,TRUE,51.48373225,FALSE,-0.223852256,"Rainville Road, Hammersmith",6,36,30,,FALSE,200182
624,2013-10-08,TRUE,51.4729184,FALSE,-0.132102704,"Courland Grove, Wandsworth Road",6,40,33,,FALSE,200173
222,2010-07-20,TRUE,51.50275704,FALSE,-0.155349725,"Knightsbridge, Hyde Park",6,43,37,,FALSE,1101
361,2010-12-09,TRUE,51.50391973,FALSE,-0.11342629,"Waterloo Station 2, Waterloo",7,55,48,,FALSE,2692
492,2012-01-22,TRUE,51.524677,FALSE,-0.03562,"The Green Bridge, Mile End",7,63,53,,FALSE,200230
513,,TRUE,51.5142228,FALSE,-0.055656,"Watney Market, Stepney",7,51,44,,FALSE,200162
131,2010-07-15,TRUE,51.53300545,FALSE,-0.136792671,"Eversholt Street , Camden Town",7,16,9,,FALSE,1005
259,2010-07-21,TRUE,51.491495,FALSE,-0.15400472,"Bourne Street, Belgravia",7,16,9,,FALSE,1180
10,2010-07-04,TRUE,51.50597426,FALSE,-0.092754157,"Park Street, Bankside",7,18,10,,FALSE,1024
8,2010-07-04,TRUE,51.52834133,FALSE,-0.170134484,"Lodge Road, St. John's Wood",7,18,11,,FALSE,3423
260,2010-07-21,TRUE,51.5136846,FALSE,-0.135580879,"Broadwick Street, Soho",7,18,11,,FALSE,3489
431,2011-12-08,TRUE,51.534474,FALSE,-0.122203,"Crinan Street, King's Cross",7,20,12,,FALSE,22183
124,2010-07-15,TRUE,51.49654462,FALSE,-0.150905245,"Eaton Square, Belgravia",7,20,13,,FALSE,1069
694,2013-11-09,TRUE,51.46071722,FALSE,-0.216526155,"Putney Rail Station, Putney",7,20,13,,FALSE,300033
560,,TRUE,51.511624,FALSE,-0.205921,"Ladbroke Grove Central, Ladbroke Grove",7,21,14,,FALSE,200015
561,2012-02-29,TRUE,51.518369,FALSE,-0.043371,"Rectory Square, Stepney",7,22,14,,FALSE,200037
371,2010-12-07,TRUE,51.49775,FALSE,-0.10988,"King Edward Walk, Waterloo",7,22,15,,FALSE,2639
715,2013-11-19,TRUE,51.51563007,FALSE,-0.049067243,"Aylward Street, Stepney",7,22,15,,FALSE,300049
287,2010-07-21,TRUE,51.52367314,FALSE,-0.128377673,"Bedford Way, Bloomsbury",7,23,16,,FALSE,1156
535,,TRUE,51.537349,FALSE,-0.147154,"Gloucester Avenue, Camden Town",7,24,16,,FALSE,200145
663,2013-10-27,TRUE,51.51323001,FALSE,-0.211593602,"Clarendon Road, Avondale",7,24,17,,FALSE,200124
552,,TRUE,51.511542,FALSE,-0.056667,"Watney Street, Shadwell",7,27,19,,FALSE,200149
526,,TRUE,51.503143,FALSE,-0.008428,"Lancaster Drive, Blackwall",7,27,20,,FALSE,200143
631,2013-10-08,TRUE,51.4795017,FALSE,-0.141770709,"Battersea Park Road, Nine Elms",7,27,20,,FALSE,200183
683,2013-11-06,TRUE,51.46506424,FALSE,-0.163750945,"Dorothy Road, Clapham Junction",7,28,21,,FALSE,200119
443,2012-01-07,TRUE,51.515256,FALSE,-0.058641,"Philpot Street, Whitechapel",7,30,23,,FALSE,200033
288,2010-07-22,TRUE,51.49236962,FALSE,-0.147478734,"Elizabeth Bridge, Victoria",7,34,27,,FALSE,1138
642,2013-10-16,TRUE,51.46916161,FALSE,-0.174485792,"Fawcett Close, Battersea",7,36,29,,FALSE,200192
144,2010-07-15,TRUE,51.48894022,FALSE,-0.111435796,"Kennington Cross, Kennington",7,47,40,,FALSE,1093
324,2010-07-23,TRUE,51.49652013,FALSE,-0.101384068,"Ontario Street, Elephant & Castle",8,15,7,,FALSE,1200
393,2011-02-24,TRUE,51.51733427,FALSE,-0.103604248,"Snow Hill, Farringdon",8,15,7,,FALSE,2699
127,2010-07-15,TRUE,51.51700801,FALSE,-0.09388536,"Wood Street, Guildhall",8,17,9,,FALSE,1063
373,2011-01-19,TRUE,51.49980661,FALSE,-0.176415994,"Prince Consort Road, Knightsbridge",8,18,9,,FALSE,3499
138,2010-07-15,TRUE,51.51227622,FALSE,-0.157436972,"Green Street, Mayfair",8,19,10,,FALSE,3464
158,2010-07-16,TRUE,51.49085368,FALSE,-0.196170309,"Trebovir Road, Earl's Court",8,18,10,,FALSE,1113
188,2010-07-17,TRUE,51.5165179,FALSE,-0.164393768,"Nutford Place, Marylebone",8,18,10,,FALSE,1112
281,2010-07-21,TRUE,51.49580589,FALSE,-0.127575233,"Smith Square, Westminster",8,18,10,,FALSE,3480
296,2013-08-23,TRUE,51.49363156,FALSE,-0.190603326,"Knaresborough Place, Earl's Court",8,18,10,,FALSE,200069
310,2010-07-23,TRUE,51.4908679,FALSE,-0.116911864,"Black Prince Road, Vauxhall",8,19,11,,FALSE,1205
58,2010-07-10,TRUE,51.52452699,FALSE,-0.079248081,"New Inn Yard, Shoreditch",8,20,12,,FALSE,1032
107,2010-07-14,TRUE,51.52600832,FALSE,-0.096317627,"Finsbury Leisure Centre, St. Luke's",8,20,12,,FALSE,1049
263,2010-07-21,TRUE,51.51422502,FALSE,-0.080660083,"St. Mary Axe, Aldgate",8,21,13,,FALSE,1184
16,2010-07-05,TRUE,51.52635795,FALSE,-0.125979294,"Cartwright Gardens , Bloomsbury",8,22,14,,FALSE,1010
713,2013-11-18,TRUE,51.54100708,FALSE,-0.14326094,"Hawley Crescent, Camden Town",8,22,14,,FALSE,200122
780,2015-08-13,TRUE,51.474665,FALSE,-0.18316517,"Imperial Wharf Station, Sands End",8,25,14,,FALSE,300070
258,2010-07-21,TRUE,51.50143293,FALSE,-0.178656971,"Kensington Gore, Knightsbridge",8,23,15,,FALSE,1193
311,2010-07-23,TRUE,51.51918144,FALSE,-0.140485596,"Foley Street, Fitzrovia",8,24,16,,FALSE,3494
363,2010-11-16,TRUE,51.5291212,FALSE,-0.1711852849,"Lord's, St. John's Wood",8,24,16,,FALSE,2665
442,2012-01-07,TRUE,51.510101,FALSE,-0.211358,"Walmer Road, Avondale",8,24,16,,FALSE,200035
96,2010-07-14,TRUE,51.53095071,FALSE,-0.078505384,"Falkirk Street, Hoxton",8,26,18,,FALSE,1047
220,2010-07-19,TRUE,51.49066456,FALSE,-0.166485083,"Chelsea Green, Chelsea",8,27,19,,FALSE,1179
591,2012-03-03,TRUE,51.506093,FALSE,-0.2242237,"Westfield Library Corner, Shepherd's Bush",8,27,19,,FALSE,200227
804,2016-03-31,TRUE,51.53466774,FALSE,-0.1250786529,"Good's Way, King's Cross",8,27,19,,FALSE,300243
450,2012-01-09,TRUE,51.515975,FALSE,-0.053177,"Jubilee Street, Stepney",8,28,20,,FALSE,200002
656,2013-10-24,TRUE,51.46841875,FALSE,-0.199135704,"Broomhouse Lane, Parsons Green",8,29,21,,FALSE,200040
728,2013-11-26,TRUE,51.46199911,FALSE,-0.206240805,"Putney Bridge Road, East Putney",8,29,21,,FALSE,300044
685,2013-11-07,TRUE,51.46067005,FALSE,-0.198735357,"Osiers Road, Wandsworth",8,30,22,,FALSE,200219
770,2014-03-06,TRUE,51.491026,FALSE,-0.209121,"Gwendwr Road, West Kensington",8,30,22,,FALSE,300097
330,2010-07-26,TRUE,51.51641749,FALSE,-0.179135079,"Eastbourne Mews, Paddington",8,34,26,,FALSE,1203
654,2013-10-23,TRUE,51.48267821,FALSE,-0.117661574,"Ashmole Estate, Oval",8,34,26,,FALSE,200223
274,2010-07-21,TRUE,51.49671237,FALSE,-0.20528437,"Warwick Road, Olympia",8,36,28,,FALSE,1134
377,2011-01-17,TRUE,51.50535447,FALSE,-0.113656543,"Waterloo Bridge, South Bank",9,15,5,,FALSE,2648
384,2011-02-03,TRUE,51.496481,FALSE,-0.192404,"Marloes Road, Kensington",9,15,6,,FALSE,3505
72,2010-07-12,TRUE,51.52352001,FALSE,-0.108340165,"Farringdon Lane, Clerkenwell",9,16,7,,FALSE,3432
78,2010-07-12,TRUE,51.52486887,FALSE,-0.099489485,"Sadlers Sports Centre, Finsbury",9,17,7,,FALSE,3433
161,2010-07-16,TRUE,51.49234577,FALSE,-0.141334487,"Guildhouse Street, Victoria",9,16,7,,FALSE,3478
294,2010-07-22,TRUE,51.488226,FALSE,-0.135635511,"St. George's Square, Pimlico",9,16,7,,FALSE,1195
38,2010-07-08,TRUE,51.4973875,FALSE,-0.197245586,"Abingdon Villas, Kensington",9,17,8,,FALSE,3442
348,2010-09-15,TRUE,51.51217033,FALSE,-0.150481272,"Grosvenor Square, Mayfair",9,17,8,,FALSE,10627
581,2012-03-16,TRUE,51.519167,FALSE,-0.147983,"New Cavendish Street, Marylebone",9,18,8,,FALSE,200005
81,2010-07-13,TRUE,51.52025302,FALSE,-0.141327271,"Great Titchfield Street, Fitzrovia",9,19,9,,FALSE,3450
472,2012-01-17,TRUE,51.529452,FALSE,-0.027616,"Malmesbury Road, Bow",9,21,11,,FALSE,200019
527,2012-02-09,TRUE,51.503802,FALSE,-0.215808,"Hansard Mews, Holland Park",9,20,11,,FALSE,200154
692,2013-11-11,TRUE,51.54211855,FALSE,-0.028941601,"Cadogan Close, Victoria Park",9,22,11,,FALSE,200112
774,2014-03-31,TRUE,51.470131,FALSE,-0.20464,"Hurlingham Park, Parsons Green",9,20,11,,FALSE,300098
596,,TRUE,51.472817,FALSE,-0.199783,"Parson's Green , Parson's Green",9,21,12,,FALSE,200237
439,2012-01-04,TRUE,51.5338,FALSE,-0.118677,"Killick Street, King's Cross",9,22,13,,FALSE,200053
68,2010-07-11,TRUE,51.52059681,FALSE,-0.116688468,"Theobald's Road , Holborn",9,26,16,,FALSE,975
117,2010-07-14,TRUE,51.49288067,FALSE,-0.114934001,"Lollard Street, Vauxhall",9,25,16,,FALSE,998
461,2012-01-11,TRUE,51.516,FALSE,-0.038775,"Aston Street, Stepney",9,26,17,,TRUE,200013
563,,TRUE,51.499286,FALSE,-0.009152,"Preston's Road, Cubitt Town",9,26,17,,FALSE,200232
54,2010-07-10,TRUE,51.52174785,FALSE,-0.094475072,"Golden Lane, Barbican",9,27,18,,FALSE,967
497,2012-01-24,TRUE,51.526177,FALSE,-0.0274677,"Merchant Street, Bow",9,27,18,,FALSE,200242
724,2013-11-22,TRUE,51.45799126,FALSE,-0.184806157,"Alma Road, Wandsworth",9,28,19,,FALSE,300046
571,2012-03-01,TRUE,51.506256,FALSE,-0.218337,"Westfield Southern Terrace ,Shepherd's Bush",9,29,20,,FALSE,200061
238,2010-07-20,TRUE,51.5233534,FALSE,-0.175116099,"Frampton Street, Paddington",9,32,23,,FALSE,1099
449,2012-01-07,TRUE,51.511088,FALSE,-0.057159,"Shadwell Station, Shadwell",9,35,25,,FALSE,200020
787,2016-01-04,TRUE,51.546805,FALSE,-0.01469126,"Timber Lodge, Queen Elizabeth Olympic Park",9,35,26,,FALSE,300227
477,2012-01-19,TRUE,51.49109,FALSE,-0.018716,"Spindrift Avenue, Millwall",9,36,27,,FALSE,200018
109,2010-07-14,TRUE,51.51563144,FALSE,-0.132328837,"Soho Square , Soho",10,57,46,,FALSE,1052
410,,TRUE,51.519968,FALSE,-0.169774,"Edgware Road Station, Marylebone",10,64,54,,FALSE,1058
256,2010-07-21,TRUE,51.51362054,FALSE,-0.116764211,"Houghton Street, Strand",10,15,5,,FALSE,3484
148,,TRUE,51.49211134,FALSE,-0.138364847,"Tachbrook Street, Victoria",10,16,6,,FALSE,965
403,2011-03-08,TRUE,51.51689296,FALSE,-0.158249929,"George Place Mews, Marylebone",10,16,6,,FALSE,10630
318,2010-07-23,TRUE,51.51004801,FALSE,-0.138846453,"Sackville Street, Mayfair",10,18,8,,FALSE,1197
573,2012-03-15,TRUE,51.485587,FALSE,-0.18119,"Limerston Street, West Chelsea",10,18,8,,FALSE,200001
693,2013-11-09,TRUE,51.464786,FALSE,-0.215618902,"Felsham Road, Putney",10,18,8,,FALSE,300019
284,2010-07-21,TRUE,51.49914063,FALSE,-0.112031483,"Lambeth North Station, Waterloo",10,20,10,,FALSE,1117
308,2010-07-22,TRUE,51.49907558,FALSE,-0.085666316,"Long Lane , Bermondsey",10,20,10,,FALSE,1189
557,,TRUE,51.51601,FALSE,-0.0985,"King Edward Street, St Pauls",10,20,10,,FALSE,200203
122,2010-07-15,TRUE,51.52111369,FALSE,-0.078869751,"Norton Folgate, Liverpool Street",10,23,12,,FALSE,1068
267,2010-07-21,TRUE,51.49206037,FALSE,-0.132224622,"Regency Street, Westminster",10,22,12,,FALSE,1155
553,,TRUE,51.535678,FALSE,-0.062546,"Regent's Row , Haggerston",10,24,12,,FALSE,200064
435,2011-12-08,TRUE,51.488852,FALSE,-0.105593,"Kennington Station, Kennington",10,23,13,,FALSE,22170
11,2010-07-05,TRUE,51.52395143,FALSE,-0.122502346,"Brunswick Square, Bloomsbury",10,24,14,,FALSE,1022
62,2010-07-10,TRUE,51.4907579,FALSE,-0.106323685,"Cotton Garden Estate, Kennington",10,24,14,,FALSE,990
368,2010-12-01,TRUE,51.50024195,FALSE,-0.15934065,"Harriet Street, Knightsbridge",10,25,15,,FALSE,2681
50,2010-07-10,TRUE,51.52867339,FALSE,-0.087459376,"East Road, Hoxton",10,27,17,,FALSE,1054
197,2010-07-17,TRUE,51.50556905,FALSE,-0.111606696,"Stamford Street, South Bank",10,27,17,,FALSE,962
437,2012-01-05,TRUE,51.488124,FALSE,-0.120903,"Vauxhall Walk, Vauxhall",10,27,17,,FALSE,200056
821,2017-02-17,TRUE,51.48350749,FALSE,-0.1477145574,"Battersea Power Station, Battersea Park",10,27,17,,FALSE,300221
629,2013-10-11,TRUE,51.45995384,FALSE,-0.190184054,"Morie Street, Wandsworth",10,28,18,,FALSE,200187
268,2010-07-21,TRUE,51.49320445,FALSE,-0.144132875,"Belgrave Road, Victoria",10,29,19,,FALSE,1087
652,2013-10-15,TRUE,51.51148696,FALSE,-0.218190203,"Evesham Street, Avondale",10,29,19,,FALSE,300022
608,,TRUE,51.491093,FALSE,-0.216493,"Colet Gardens, Hammersmith",10,30,20,,FALSE,200224
612,2013-09-27,TRUE,51.46925984,FALSE,-0.141812513,"Wandsworth Rd, Isley Court, Wandsworth Road",10,30,20,,FALSE,200175
343,2010-07-27,TRUE,51.53692216,FALSE,-0.150181444,"London Zoo Car Park, The Regent's Park",10,36,26,,FALSE,1188
95,2010-07-14,TRUE,51.5208417,FALSE,-0.097340162,"Aldersgate Street, Barbican",11,15,4,,FALSE,1065
386,2011-02-03,TRUE,51.51352755,FALSE,-0.130110822,"Moor Street, Soho",11,16,4,,FALSE,3504
201,2010-07-18,TRUE,51.5225965,FALSE,-0.161113413,"Dorset Square, Marylebone",11,16,5,,FALSE,1162
180,2010-07-16,TRUE,51.5129118,FALSE,-0.153645496,"North Audley Street, Mayfair",11,17,6,,FALSE,1126
336,2010-07-26,TRUE,51.504942,FALSE,-0.115533,"Concert Hall Approach 2, South Bank",11,18,7,,FALSE,1212
733,2013-11-26,TRUE,51.50542628,FALSE,-0.150817316,"Park Lane, Mayfair",11,18,7,,FALSE,300093
134,2010-07-15,TRUE,51.504904,FALSE,-0.06797,"Wapping High Street, Wapping",11,20,8,,FALSE,1039
172,2010-07-16,TRUE,51.49121192,FALSE,-0.173715911,"Sumner Place, South Kensington",11,19,8,,FALSE,1124
106,2010-07-14,TRUE,51.51410514,FALSE,-0.147301667,"Woodstock Street, Mayfair",11,21,10,,FALSE,1042
650,2013-10-22,TRUE,51.51687069,FALSE,-0.213872396,"St. Mark's Road, North Kensington",11,23,11,,FALSE,300034
187,2010-07-17,TRUE,51.49247977,FALSE,-0.178433004,"Queen's Gate (South), South Kensington",11,24,12,,FALSE,1172
452,2012-01-09,TRUE,51.505697,FALSE,-0.070542,"St. Katharine's Way, Tower",11,24,13,,FALSE,200049
590,,TRUE,51.53256,FALSE,-0.16862,"Greenberry Street, St.John's Wood",11,26,14,,FALSE,200236
534,,TRUE,51.531864,FALSE,-0.066035,"Goldsmith's Row, Haggerston",11,27,15,,FALSE,200159
688,2013-11-08,TRUE,51.46095151,FALSE,-0.20066766,"Northfields, Wandsworth",11,28,17,,FALSE,200204
424,2011-12-22,TRUE,51.490491,FALSE,-0.149186,"Ebury Bridge, Pimlico",11,29,18,,FALSE,22159
457,2012-01-10,TRUE,51.542138,FALSE,-0.145393,"Castlehaven Road, Camden Town",11,29,18,,FALSE,200016
678,2013-11-05,TRUE,51.46231278,FALSE,-0.211468596,"Esmond Street, Putney",11,30,19,,FALSE,200170
586,2012-03-15,TRUE,51.490645,FALSE,-0.014582,"Mudchute DLR, Cubitt Town",11,31,20,,FALSE,200092
317,2010-07-23,TRUE,51.49679128,FALSE,-0.093913472,"Dickens Square, Borough",11,32,21,,FALSE,1208
66,2010-07-11,TRUE,51.51795029,FALSE,-0.108657431,"Holborn Circus, Holborn",11,40,27,,FALSE,982
547,,TRUE,51.509474,FALSE,-0.002275,"East India DLR, Blackwall",11,51,39,,FALSE,200127
818,2016-05-19,TRUE,51.5031278,FALSE,-0.07865550737,"One Tower Bridge, Bermondsey",12,13,0,,FALSE,300249
305,2010-07-22,TRUE,51.48677988,FALSE,-0.115853961,"Kennington Lane Tesco, Vauxhall",12,15,2,,FALSE,1168
381,2011-01-28,TRUE,51.51953043,FALSE,-0.13577731,"Charlotte Street, Fitzrovia",12,14,2,,FALSE,2669
196,2010-07-17,TRUE,51.50368837,FALSE,-0.098497684,"Union Street, The Borough",12,17,4,,FALSE,961
129,2010-07-15,TRUE,51.5118973,FALSE,-0.137043852,"Golden Square, Soho",12,18,6,,FALSE,3451
178,2010-07-16,TRUE,51.48985626,FALSE,-0.141923621,"Warwick Square, Pimlico",12,19,7,,FALSE,3460
162,2010-07-16,TRUE,51.51760685,FALSE,-0.121328408,"Southampton Place, Holborn",12,20,8,,FALSE,1123
592,,TRUE,51.5171,FALSE,-0.18377,"Bishop's Bridge Road East, Bayswater",12,20,8,,FALSE,200108
538,,TRUE,51.508981,FALSE,-0.00699,"Naval Row, Blackwall",12,21,9,,FALSE,200050
709,2013-11-15,TRUE,51.46321128,FALSE,-0.215550761,"Montserrat Road , Putney",12,23,10,,FALSE,200205
741,2013-11-28,TRUE,51.5129814,FALSE,-0.219486603,"Freston Road, Avondale",12,23,10,,FALSE,300085
506,2012-01-30,TRUE,51.517475,FALSE,-0.075855,"Bell Lane, Liverpool Street",12,23,11,,FALSE,200036
523,,TRUE,51.51549,FALSE,-0.013475,"Langdon Park, Poplar",12,24,12,,FALSE,200160
662,2013-10-27,TRUE,51.48498496,FALSE,-0.167919869,"Phene Street, Chelsea",12,24,12,,FALSE,200189
84,2010-07-13,TRUE,51.51593725,FALSE,-0.111778348,"Breams Buildings, Holborn",12,25,13,,FALSE,3449
829,2018-02-01,TRUE,51.469217,FALSE,-0.11268674,"Wynne Road, Stockwell",12,25,13,,FALSE,300230
831,2018-02-07,TRUE,51.466232,FALSE,-0.11317995,"St John's Crescent, Brixton",12,25,13,,FALSE,300215
465,2012-04-05,TRUE,51.53558,FALSE,-0.08249,"Pitfield Street North,Hoxton",12,28,16,,FALSE,200152
752,2013-12-06,TRUE,51.45816465,FALSE,-0.20600248,"Manfred Road, East Putney",12,29,17,,FALSE,300079
569,,TRUE,51.53213,FALSE,-0.08299,"Pitfield Street Central, Hoxton",12,30,18,,FALSE,200248
184,2010-07-17,TRUE,51.52071513,FALSE,-0.14521173,"Portland Place, Marylebone",12,34,21,,FALSE,1164
542,,TRUE,51.514115,FALSE,-0.033828,"Salmon Lane, Limehouse",12,33,21,,FALSE,200147
719,2013-11-20,TRUE,51.53642464,FALSE,-0.054162264,"Victoria Park Road, Hackney Central",12,34,22,,FALSE,300011
572,,TRUE,51.539099,FALSE,-0.141728,"Greenland Road, Camden Town",12,36,23,,FALSE,200026
674,,TRUE,51.53546778,FALSE,-0.11619105,"Carnegie Street, King's Cross",12,40,27,,FALSE,300035
118,2010-07-14,TRUE,51.49582705,FALSE,-0.13547809,"Rochester Row, Westminster",13,13,0,,FALSE,3457
382,2011-02-08,TRUE,51.50935171,FALSE,-0.14744969,"Farm Street, Mayfair",13,15,0,,FALSE,2678
87,2010-07-13,TRUE,51.51646835,FALSE,-0.079684557,"Devonshire Square, Liverpool Street",13,16,1,,FALSE,3438
232,2010-07-20,TRUE,51.51501025,FALSE,-0.112753217,"Carey Street, Holborn",13,16,3,,FALSE,1139
65,2010-07-11,TRUE,51.52522753,FALSE,-0.13518856,"Gower Place , Euston",13,17,4,,FALSE,969
182,2010-07-17,TRUE,51.52202903,FALSE,-0.165842551,"Bell Street , Marylebone",13,18,4,,FALSE,1166
119,2010-07-14,TRUE,51.52589324,FALSE,-0.090847761,"Bath Street, St. Luke's",13,18,5,,FALSE,964
133,2010-07-15,TRUE,51.50136494,FALSE,-0.191462381,"Derry Street, Kensington",13,18,5,,FALSE,3436
516,2012-02-02,TRUE,51.5112,FALSE,-0.014438,"Chrisp Street Market, Poplar",13,18,5,,FALSE,200089
732,2013-11-26,TRUE,51.50630441,FALSE,-0.087262995,"Duke Street Hill, London Bridge",13,21,5,,FALSE,300083
776,2014-03-31,TRUE,51.460333,FALSE,-0.167029,"Abyssinia Close, Clapham Junction",13,20,7,,FALSE,300099
210,2010-07-19,TRUE,51.51681444,FALSE,-0.151926305,"Hinde Street, Marylebone",13,21,8,,FALSE,3476
341,2010-07-27,TRUE,51.50810309,FALSE,-0.12602103,"Craven Street, Strand",13,23,9,,FALSE,1160
69,2010-07-11,TRUE,51.5262363,FALSE,-0.134407652,"Euston Road, Euston",13,24,11,,FALSE,983
773,2014-03-31,TRUE,51.511891,FALSE,-0.107349,"Tallis Street, Temple",13,24,11,,FALSE,300096
668,2013-10-30,TRUE,51.49422354,FALSE,-0.236769936,"Ravenscourt Park Station, Hammersmith",13,26,12,,FALSE,300037
322,2010-07-23,TRUE,51.526293,FALSE,-0.073955,"Palissy Street, Shoreditch",13,26,13,,FALSE,3502
63,2010-07-10,TRUE,51.53089041,FALSE,-0.089782579,"Murray Grove , Hoxton",13,27,14,,FALSE,989
209,2010-07-19,TRUE,51.49358391,FALSE,-0.165101392,"Denyer Street, Knightsbridge",13,30,17,,FALSE,3454
433,2011-12-08,TRUE,51.524564,FALSE,-0.116279,"Wren Street, Holborn",13,33,19,,FALSE,22169
731,2013-11-25,TRUE,51.47727637,FALSE,-0.189210466,"Michael Road, Walham Green",13,37,24,,FALSE,300095
425,2011-07-07,TRUE,51.533379,FALSE,-0.139159,"Harrington Square 2, Camden Town",13,38,25,,FALSE,22181
378,2011-01-27,TRUE,51.49559291,FALSE,-0.179077626,"Natural History Museum, South Kensington",13,42,29,,FALSE,2677
603,,TRUE,51.477839,FALSE,-0.116493,"Caldwell Street, Stockwell",13,44,31,,FALSE,200137
723,2013-11-21,TRUE,51.46822047,FALSE,-0.190346493,"Stephendale Road, Sands End",13,48,35,,FALSE,300053
240,2010-07-20,TRUE,51.50545935,FALSE,-0.10569204,"Colombo Street, Southwark",14,14,0,,FALSE,3472
388,2011-02-08,TRUE,51.51070161,FALSE,-0.121723604,"Southampton Street, Strand",14,14,0,,FALSE,1228
203,2010-07-18,TRUE,51.51821864,FALSE,-0.100791005,"West Smithfield Rotunda, Farringdon",14,15,1,,FALSE,1040
292,2010-07-22,TRUE,51.49888404,FALSE,-0.165471605,"Montpelier Street, Knightsbridge",14,16,1,,FALSE,1206
395,2011-02-28,TRUE,51.492462,FALSE,-0.159919,"Cadogan Gardens, Chelsea",14,15,1,,FALSE,2695
554,,TRUE,51.513548,FALSE,-0.005659,"Aberfeldy Street, Poplar",14,16,1,,FALSE,200078
40,2010-07-08,TRUE,51.52127071,FALSE,-0.0755789,"Commercial Street, Shoreditch",14,16,2,,FALSE,1083
99,2010-07-14,TRUE,51.51457763,FALSE,-0.158264483,"Old Quebec Street, Marylebone",14,16,2,,FALSE,1085
221,2010-07-19,TRUE,51.49481649,FALSE,-0.13045856,"Horseferry Road, Westminster",14,16,2,,FALSE,1170
340,2010-07-27,TRUE,51.51444134,FALSE,-0.087587447,"Bank of England Museum, Bank",14,16,2,,FALSE,1201
139,2010-07-15,TRUE,51.49488108,FALSE,-0.117974901,"Lambeth Road, Vauxhall",14,18,4,,FALSE,1078
508,2012-01-30,TRUE,51.519362,FALSE,-0.074431,"Fournier Street, Whitechapel",14,18,4,,FALSE,200157
135,2010-07-15,TRUE,51.52326004,FALSE,-0.104708922,"Clerkenwell Green, Clerkenwell",14,21,7,,FALSE,1053
229,2010-07-20,TRUE,51.50654321,FALSE,-0.123179697,"Whitehall Place, Strand",14,24,7,,FALSE,1151
392,2011-02-17,TRUE,51.49942855,FALSE,-0.179702476,"Imperial College, Knightsbridge",14,21,7,,FALSE,1220
539,,TRUE,51.531091,FALSE,-0.075901,"Hoxton Station, Hoxton",14,22,7,,FALSE,200151
595,,TRUE,51.493267,FALSE,-0.21985,"Hammersmith Road, Hammersmith",14,22,8,,FALSE,200142
338,2010-07-26,TRUE,51.51175646,FALSE,-0.119643424,"Wellington Street , Strand",14,24,9,,FALSE,1202
30,2010-07-07,TRUE,51.52915444,FALSE,-0.093421615,"Windsor Terrace, Hoxton",14,24,10,,FALSE,1029
401,2011-03-08,TRUE,51.528187,FALSE,-0.075375,"Columbia Road, Shoreditch",14,24,10,,FALSE,2701
766,2014-02-20,TRUE,51.45752945,FALSE,-0.192165613,"Ram Street, Wandsworth",14,25,11,,FALSE,200079
77,2010-07-12,TRUE,51.52341837,FALSE,-0.124121774,"Russell Square Station, Bloomsbury",14,26,12,,FALSE,978
90,2010-07-13,TRUE,51.53301907,FALSE,-0.139174593,"Harrington Square 1, Camden Town",14,27,13,,FALSE,1038
541,,TRUE,51.506613,FALSE,-0.142844,"Green Park Station, Mayfair",14,28,13,,FALSE,200096
191,2010-07-17,TRUE,51.50311799,FALSE,-0.153520935,"Hyde Park Corner, Hyde Park",14,28,14,,FALSE,1075
237,2010-07-22,TRUE,51.50978602,FALSE,-0.06816198052,"Dock Street, Wapping",14,30,15,,FALSE,3467
832,2018-02-07,TRUE,51.464019,FALSE,-0.11578197,"Ferndale Road, Brixton.",14,30,16,,FALSE,200240
24,2010-07-06,TRUE,51.51908011,FALSE,-0.124678402,"British Museum, Bloomsbury",14,35,20,,FALSE,981
213,2010-07-19,TRUE,51.50274025,FALSE,-0.149569201,"Wellington Arch, Hyde Park",14,36,20,,FALSE,1109
667,2013-10-30,TRUE,51.5015946,FALSE,-0.222293381,"Shepherd's Bush Road North, Shepherd's Bush",14,34,20,,FALSE,200209
174,2010-07-16,TRUE,51.512529,FALSE,-0.115163,"Strand, Strand",14,36,22,,FALSE,1100
495,2012-01-23,TRUE,51.528169,FALSE,-0.018703,"Bow Church Station, Bow",14,39,22,,FALSE,200252
614,2013-10-03,TRUE,51.47817208,FALSE,-0.144690541,"Bradmead, Battersea Park",14,40,26,,FALSE,200025
510,,TRUE,51.509303,FALSE,-0.025996,"Westferry DLR, Limehouse",14,41,27,,FALSE,200238
602,,TRUE,51.472993,FALSE,-0.133972,"Union Grove, Wandsworth Road",14,45,29,,FALSE,200211
278,2010-07-21,TRUE,51.5034938,FALSE,-0.07962099,"Tooley Street, Bermondsey",15,17,1,,FALSE,1142
306,2010-07-22,TRUE,51.51816295,FALSE,-0.135025698,"Rathbone Street, Fitzrovia",15,16,1,,FALSE,3497
514,2012-02-02,TRUE,51.516204,FALSE,-0.155525,"Portman Square, Marylebone",15,17,2,,FALSE,200008
168,2010-07-16,TRUE,51.50040123,FALSE,-0.195455928,"Argyll Road, Kensington",15,19,3,,FALSE,3463
383,2011-02-02,TRUE,51.51310333,FALSE,-0.13121385,"Frith Street, Soho",15,18,3,,FALSE,2660
530,,TRUE,51.508896,FALSE,-0.012413,"Newby Place, Poplar",15,18,3,,FALSE,200146
114,2010-07-14,TRUE,51.52451738,FALSE,-0.158963647,"Park Road (Baker Street), The Regent's Park",15,22,6,,FALSE,1050
125,2010-07-15,TRUE,51.50069491,FALSE,-0.094524319,"Borough High Street, The Borough",15,21,6,,FALSE,996
593,,TRUE,51.531066,FALSE,-0.11934,"Northdown Street, King's Cross",15,21,6,,FALSE,200058
432,2011-10-24,TRUE,51.496957,FALSE,-0.173894,"Exhibition Road Museums, South Kensington",15,22,7,,FALSE,22158
754,2014-01-06,TRUE,51.5129006,FALSE,-0.214762686,"Grenfell Road, Avondale",15,24,9,,FALSE,300067
45,2010-07-09,TRUE,51.522511,FALSE,-0.162298,"Boston Place, Marylebone",15,26,10,,FALSE,1035
177,2010-07-16,TRUE,51.49616092,FALSE,-0.140947636,"Ashley Place, Victoria",15,25,10,,FALSE,1122
166,2010-07-16,TRUE,51.50185512,FALSE,-0.159237081,"Seville Street, Knightsbridge",15,27,11,,FALSE,1177
230,2010-07-20,TRUE,51.50669284,FALSE,-0.103137426,"Poured Lines, Bankside",15,31,15,,FALSE,1144
271,2010-07-21,TRUE,51.53583617,FALSE,-0.156285395,"London Zoo,  The Regent's Park",15,32,17,,FALSE,1136
61,2010-07-10,TRUE,51.49738251,FALSE,-0.089446947,"Great Dover Street, The Borough",15,33,18,,FALSE,1017
440,2012-01-04,TRUE,51.483145,FALSE,-0.113134,"Kennington Oval, Oval",15,33,18,,FALSE,200032
262,2010-07-21,TRUE,51.49874469,FALSE,-0.103132904,"LSBU (Borough Road), Elephant & Castle",15,35,19,,FALSE,1095
772,2014-04-02,TRUE,51.47250956,FALSE,-0.122831913,"Binfield Road, Stockwell",15,35,19,,FALSE,300015
522,,TRUE,51.525941,FALSE,-0.036017,"Clinton Road, Mile End",15,36,21,,FALSE,200161
354,,TRUE,51.506767,FALSE,-0.123702,"Northumberland Avenue, Strand",15,37,22,,FALSE,1097
474,2012-01-17,TRUE,51.498125,FALSE,-0.011457,"Castalia Square, Cubitt Town",15,39,24,,FALSE,200155
249,2010-07-20,TRUE,51.49859784,FALSE,-0.096191134,"Harper Road, The Borough",15,42,27,,FALSE,1137
421,2011-06-28,TRUE,51.504044,FALSE,-0.104778,"Southwark Station 2, Southwark",15,45,29,,FALSE,22163
365,2010-11-24,TRUE,51.530344,FALSE,-0.100168,"City Road, Angel",15,47,32,,FALSE,2690
447,2012-01-07,TRUE,51.493381,FALSE,-0.007542,"Jubilee Crescent, Cubitt Town",15,54,39,,FALSE,200054
23,2010-07-06,TRUE,51.51943538,FALSE,-0.119123345,"Red Lion Square, Holborn",16,16,0,,FALSE,3421
49,2010-07-10,TRUE,51.50706909,FALSE,-0.145904427,"Curzon Street, Mayfair",16,16,0,,FALSE,3437
102,2010-07-14,TRUE,51.51340693,FALSE,-0.076793375,"Jewry Street, Aldgate",16,17,0,,FALSE,1045
244,2010-07-20,TRUE,51.51611887,FALSE,-0.128585022,"Earnshaw Street , Covent Garden",16,18,0,,FALSE,1145
528,2012-02-09,TRUE,51.507326,FALSE,-0.145827,"Clarges Street, Mayfair",16,16,0,,FALSE,200088
646,2013-10-18,TRUE,51.49886563,FALSE,-0.137424571,"Buckingham Gate, Westminster",16,16,0,,FALSE,200178
325,2010-07-23,TRUE,51.50908747,FALSE,-0.129697889,"St. Martin's Street, West End",16,18,1,,FALSE,1158
455,2012-01-09,TRUE,51.49447,FALSE,-0.014409,"East Ferry Road, Cubitt Town",16,17,1,,FALSE,200031
6,2010-07-04,TRUE,51.51811784,FALSE,-0.144228881,"Broadcasting House, Marylebone",16,18,2,,FALSE,3424
22,2010-07-06,TRUE,51.5222641,FALSE,-0.114079481,"Northington Street , Holborn",16,19,2,,FALSE,3425
529,,TRUE,51.486892,FALSE,-0.170983,"Manresa Road, Chelsea",16,18,2,,FALSE,200010
473,2012-01-17,TRUE,51.496137,FALSE,-0.019355,"Millharbour, Millwall",16,19,3,,FALSE,22167
546,,TRUE,51.517428,FALSE,-0.107987,"New Fetter Lane, Holborn",16,21,5,,FALSE,200044
686,2013-11-07,TRUE,51.48814438,FALSE,-0.222456468,"Beryl Road, Hammersmith",16,26,10,,FALSE,200097
446,2012-01-07,TRUE,51.528936,FALSE,-0.055894,"York Hall, Bethnal Green",16,27,11,,FALSE,200042
632,2013-10-08,TRUE,51.47053858,FALSE,-0.163041605,"Sheepcote Lane, Battersea",16,27,11,,FALSE,200176
25,2010-07-06,TRUE,51.5288338,FALSE,-0.132250369,"Doric Way , Somers Town",16,31,14,,FALSE,1004
815,2016-05-04,TRUE,51.5000892,FALSE,-0.1166287007,"Lambeth Palace Road, Waterloo",16,35,18,,FALSE,300231
735,2013-11-25,TRUE,51.46489445,FALSE,-0.17302926,"Grant Road East, Clapham Junction",16,35,19,,FALSE,200120
2,2010-07-08,TRUE,51.49960695,FALSE,-0.197574246,"Phillimore Gardens, Kensington",16,37,20,,FALSE,1018
819,2016-10-13,TRUE,51.50621,FALSE,-0.114842,"Belvedere Road 2, South Bank",16,38,20,,FALSE,300246
93,2010-07-13,TRUE,51.53440868,FALSE,-0.109025404,"Cloudesley Road, Angel",16,37,21,,FALSE,2586
202,2010-07-18,TRUE,51.51236389,FALSE,-0.06954201,"Leman Street, Aldgate",16,37,21,,FALSE,1102
813,2016-07-04,TRUE,51.48780745,FALSE,-0.1227596259,"New Spring Gardens Walk, Vauxhall",16,37,21,,FALSE,300224
765,2014-02-21,TRUE,51.46760141,FALSE,-0.20682737,"Ranelagh Gardens, Fulham",16,39,23,,FALSE,300064
347,2010-09-06,TRUE,51.50013942,FALSE,-0.113936001,"Lower Marsh, Waterloo",17,17,0,,FALSE,1219
275,2010-07-21,TRUE,51.52004497,FALSE,-0.092176447,"Barbican Centre, Barbican",17,19,1,,FALSE,1191
428,2011-10-13,TRUE,51.499917,FALSE,-0.174554,"Exhibition Road, Knightsbridge",17,20,2,,FALSE,22179
607,,TRUE,51.468814,FALSE,-0.210279,"Putney Bridge Station, Fulham",17,21,4,,FALSE,200125
771,2014-03-05,TRUE,51.509224,FALSE,-0.216016,"Rifle Place, Avondale",17,21,4,,FALSE,300007
737,2013-11-27,TRUE,51.47993289,FALSE,-0.19411695,"Fulham Broadway, Walham Green",17,26,5,,FALSE,300086
641,2013-10-16,TRUE,51.49824168,FALSE,-0.117495865,"Archbishop's Park, Waterloo",17,23,6,,FALSE,300025
320,2010-07-23,TRUE,51.49357351,FALSE,-0.139956043,"Queen Mother Sports Centre, Victoria",17,26,7,,FALSE,1148
323,2010-07-23,TRUE,51.523196,FALSE,-0.083067,"Clifton Street, Shoreditch",17,24,7,,FALSE,3501
17,2010-07-06,TRUE,51.5216612,FALSE,-0.109006325,"Hatton Wall, Holborn",17,26,9,,FALSE,1008
588,2012-03-05,TRUE,51.52959,FALSE,-0.0801,"Hoxton Street, Hoxton",17,27,9,,FALSE,200071
599,,TRUE,51.485743,FALSE,-0.223616,"Manbre Road, Hammersmith",17,28,11,,FALSE,200235
57,2010-07-10,TRUE,51.52334672,FALSE,-0.120202614,"Guilford Street , Bloomsbury",17,32,15,,FALSE,974
784,2016-01-14,TRUE,51.546326,FALSE,-0.00993526,"East Village, Queen Elizabeth Olympic Park",17,34,15,,FALSE,300200
211,2010-07-19,TRUE,51.49464523,FALSE,-0.158105512,"Cadogan Place, Knightsbridge",17,34,16,,FALSE,3469
598,,TRUE,51.494499,FALSE,-0.228188,"Southerton Road, Hammersmith",17,38,21,,FALSE,200166
549,,TRUE,51.49605,FALSE,-0.104193,"Gaywood  Street, Elephant & Castle",17,45,28,,FALSE,200132
659,2013-10-25,TRUE,51.46437067,FALSE,-0.174619404,"Grant Road West, Clapham Junction",17,57,40,,FALSE,200212
53,2010-07-10,TRUE,51.5099923,FALSE,-0.143495266,"Grafton Street, Mayfair",18,18,0,,FALSE,3431
79,2017-10-26,TRUE,51.511726,FALSE,-0.11385596,"Arundel Street, Temple",18,18,0,,FALSE,3455
112,2010-07-14,TRUE,51.51580998,FALSE,-0.105270275,"Stonecutter Street, Holborn",18,18,0,,FALSE,1061
349,2010-09-15,TRUE,51.51196,FALSE,-0.142783033,"St. George Street, Mayfair",18,18,0,,FALSE,1221
730,2013-11-22,TRUE,51.49208492,FALSE,-0.229116862,"Bridge Avenue, Hammersmith",18,18,0,,FALSE,300082
762,2014-02-10,TRUE,51.50070305,FALSE,-0.129698963,"Storey's Gate, Westminster",18,21,3,,FALSE,200202
376,2011-01-10,TRUE,51.49188409,FALSE,-0.125674815,"Millbank Tower, Pimlico",18,24,4,,FALSE,2683
544,,TRUE,51.526153,FALSE,-0.102208,"Percival Street, Finsbury",18,22,4,,FALSE,200051
613,2013-09-26,TRUE,51.50403821,FALSE,-0.217400093,"Woodstock Grove, Shepherd's Bush",18,24,5,,FALSE,200214
803,2016-06-01,TRUE,51.50540994,FALSE,-0.09834108845,"Southwark Street, Bankside",18,23,5,,FALSE,300238
15,2010-07-05,TRUE,51.51772703,FALSE,-0.127854211,"Great Russell Street, Bloomsbury",18,26,8,,FALSE,988
817,2016-06-03,TRUE,51.48133547,FALSE,-0.1382122959,"Riverlight South, Nine Elms",18,26,8,,FALSE,300232
5,2010-07-04,TRUE,51.49313,FALSE,-0.156876,"Sedding Street, Sloane Square",18,27,9,,FALSE,3420
753,2013-12-06,TRUE,51.49263658,FALSE,-0.234094148,"Hammersmith Town Hall, Hammersmith",18,28,10,,FALSE,300006
809,2016-07-04,TRUE,51.51627788,FALSE,-0.1182729916,"Lincoln's Inn Fields, Holborn",18,28,10,,FALSE,300240
605,,TRUE,51.520331,FALSE,-0.163667,"Seymour Place, Marylebone",18,29,11,,FALSE,200198
19,2010-07-06,TRUE,51.52505093,FALSE,-0.131161087,"Taviton Street, Bloomsbury",18,30,12,,FALSE,1009
489,2012-01-20,TRUE,51.513074,FALSE,-0.064094,"Christian Street, Whitechapel",18,34,14,,FALSE,22177
684,2013-11-07,TRUE,51.45475251,FALSE,-0.195197203,"Neville Gill Close, Wandsworth",18,32,14,,FALSE,200188
786,2016-01-04,TRUE,51.549369,FALSE,-0.015717614,"Lee Valley VeloPark, Queen Elizabeth Olympic Park",18,44,25,,FALSE,300029
470,2012-01-17,TRUE,51.530535,FALSE,-0.025492,"Mostyn Grove, Bow",18,46,28,,FALSE,200174
475,2012-01-17,TRUE,51.499041,FALSE,-0.020157,"Lightermans Road, Millwall",18,57,37,,FALSE,200004
9,2010-07-04,TRUE,51.5073853,FALSE,-0.096440751,"New Globe Walk, Bankside",19,19,0,,FALSE,1015
509,2012-01-30,TRUE,51.517842,FALSE,-0.090075,"Fore Street, Guildhall",19,19,0,,FALSE,200253
116,2010-07-14,TRUE,51.51449962,FALSE,-0.141423695,"Little Argyll Street, West End",19,21,2,,FALSE,995
64,2010-07-10,TRUE,51.50946212,FALSE,-0.124749274,"William IV Street, Strand",19,26,4,,FALSE,1028
100,2010-07-14,TRUE,51.49043573,FALSE,-0.122806861,"Albert Embankment, Vauxhall",19,24,5,,FALSE,1059
372,2010-12-07,TRUE,51.515208,FALSE,-0.117863,"Sardinia Street, Holborn",19,24,5,,FALSE,2649
606,,TRUE,51.504199,FALSE,-0.210941,"Addison Road, Holland Park",19,26,6,,FALSE,200218
18,2010-07-06,TRUE,51.51477076,FALSE,-0.12221963,"Drury Lane, Covent Garden",19,27,8,,FALSE,1007
622,2013-10-04,TRUE,51.50748124,FALSE,-0.205535908,"Lansdowne Road, Ladbroke Grove",19,29,9,,FALSE,200172
398,2011-03-02,TRUE,51.502319,FALSE,-0.200742,"Holland Park, Kensington",19,30,10,,FALSE,10631
170,2010-07-16,TRUE,51.52784273,FALSE,-0.108068155,"Hardwick Street, Clerkenwell",19,30,11,,FALSE,1057
136,2010-07-15,TRUE,51.51196176,FALSE,-0.097441687,"Queen Victoria Street, St. Paul's",19,32,12,,FALSE,1048
456,2012-01-10,TRUE,51.538071,FALSE,-0.144664,"Parkway, Camden Town",19,33,14,,FALSE,200118
157,2010-07-16,TRUE,51.50039792,FALSE,-0.193068385,"Wright's Lane, Kensington",19,37,16,,FALSE,1094
436,2011-12-08,TRUE,51.51824,FALSE,-0.11655,"Red Lion Street, Holborn",19,35,16,,FALSE,22171
309,2010-07-23,TRUE,51.50963123,FALSE,-0.119047563,"Embankment (Savoy), Strand",19,41,22,,FALSE,1192
833,2018-02-06,TRUE,51.460232,FALSE,-0.11537509,"Saltoun Road, Brixton",19,42,23,,FALSE,300206
362,2010-11-18,TRUE,51.536264,FALSE,-0.133952,"Royal College Street, Camden Town",19,57,37,,FALSE,2686
83,2010-07-13,TRUE,51.50963938,FALSE,-0.131510949,"Panton Street, West End",20,21,0,,FALSE,3452
101,2010-07-14,TRUE,51.51155322,FALSE,-0.0929401,"Queen Street 1, Bank",20,22,0,,FALSE,999
160,2010-07-16,TRUE,51.50663341,FALSE,-0.131773845,"Waterloo Place, St. James's",20,20,0,,FALSE,3458
218,2010-07-19,TRUE,51.48971651,FALSE,-0.170194408,"St. Luke's Church, Chelsea",20,20,0,,FALSE,3486
358,2010-11-18,TRUE,51.516226,FALSE,-0.124826,"High Holborn , Covent Garden",20,20,0,,FALSE,1229
355,2010-10-22,TRUE,51.486575,FALSE,-0.117286,"Oval Way, Vauxhall",20,21,1,,FALSE,2694
645,2013-10-18,TRUE,51.50173215,FALSE,-0.100292412,"Great Suffolk Street, The Borough",20,21,1,,FALSE,200200
121,2010-07-15,TRUE,51.51891348,FALSE,-0.156166631,"Baker Street, Marylebone",20,22,2,,FALSE,1086
799,2016-06-02,TRUE,51.49769846,FALSE,-0.1375988963,"Kings Gate House, Westminster",20,24,3,,FALSE,300202
279,2010-07-21,TRUE,51.51862243,FALSE,-0.176645823,"North Wharf Road, Paddington",20,25,4,,FALSE,1108
548,,TRUE,51.498386,FALSE,-0.107913,"Westminster Bridge Road, Elephant & Castle",20,26,6,,FALSE,200076
556,,TRUE,51.502661,FALSE,-0.021596,"Heron Quays DLR, Canary Wharf",20,27,6,,FALSE,200138
628,2013-10-10,TRUE,51.46881971,FALSE,-0.184318843,"William Morris Way, Sands End",20,26,6,,FALSE,200062
794,2016-02-25,TRUE,51.474567,FALSE,-0.12458,"Lansdowne Way Bus Garage, Stockwell",20,28,6,,FALSE,300204
366,2010-11-25,TRUE,51.5109193,FALSE,-0.1511263847,"Millennium Hotel, Mayfair",20,27,7,,FALSE,1230
245,2010-07-20,TRUE,51.4853572,FALSE,-0.142207481,"Grosvenor Road, Pimlico",20,29,9,,FALSE,1140
291,2010-07-22,TRUE,51.48483991,FALSE,-0.138089062,"Claverton Street, Pimlico",20,32,12,,FALSE,1135
621,2013-10-04,TRUE,51.46086446,FALSE,-0.187427294,"Wandsworth Town Station, Wandsworth",20,33,13,,FALSE,200091
251,2010-07-21,TRUE,51.518908,FALSE,-0.079249,"Brushfield Street, Liverpool Street",20,34,14,,FALSE,1161
496,2012-01-24,TRUE,51.52512,FALSE,-0.015578,"Devons Road, Bow",20,39,18,,FALSE,200255
574,2012-04-05,TRUE,51.53356,FALSE,-0.09315,"Eagle Wharf Road, Hoxton",20,45,25,,FALSE,200246
247,2010-07-20,TRUE,51.530052,FALSE,-0.168314,"St. John's Wood Church, The Regent's Park",20,50,28,,FALSE,1091
13,2010-07-05,TRUE,51.51991453,FALSE,-0.136039674,"Scala Street, Fitzrovia",21,21,0,,FALSE,970
44,2010-07-09,TRUE,51.51073687,FALSE,-0.144165239,"Bruton Street, Mayfair",21,21,0,,FALSE,1034
562,2012-02-29,TRUE,51.51746,FALSE,-0.12335,"Bury Place, Holborn",21,21,0,,FALSE,200074
558,2014-05-09,TRUE,51.493978,FALSE,-0.127554,"Page Street, Westminster",21,24,2,,FALSE,200048
143,2010-07-15,TRUE,51.4968865,FALSE,-0.161203828,"Pont Street, Knightsbridge",21,24,3,,FALSE,1114
374,2010-12-07,TRUE,51.50402794,FALSE,-0.11386436,"Waterloo Station 1, Waterloo",21,36,12,,FALSE,2696
768,2014-02-27,TRUE,51.46134382,FALSE,-0.159322467,"Clapham Common North Side, Clapham Common",21,37,16,,FALSE,300065
80,2010-07-12,TRUE,51.50069361,FALSE,-0.102091246,"Webber Street , Southwark",21,45,23,,FALSE,3448
233,2010-07-20,TRUE,51.50777049,FALSE,-0.130699733,"Pall Mall East, West End",22,22,0,,FALSE,1153
587,2012-03-22,TRUE,51.50964,FALSE,-0.08497,"Monument Street, Monument",22,22,0,,FALSE,200101
301,2010-07-22,TRUE,51.51475963,FALSE,-0.148105415,"Marylebone Lane, Marylebone",22,24,2,,FALSE,1152
484,2012-01-23,TRUE,51.528828,FALSE,-0.013258,"Bromley High Street, Bow",22,24,2,,FALSE,22172
751,2013-12-05,TRUE,51.51612862,FALSE,-0.120909408,"Newton Street, Covent Garden",22,24,2,,FALSE,300074
303,2010-07-22,TRUE,51.50295379,FALSE,-0.158456089,"Albert Gate, Hyde Park",22,28,5,,FALSE,1132
736,2013-11-26,TRUE,51.50659035,FALSE,-0.216104479,"Queensdale Road, Shepherd's Bush",22,28,5,,FALSE,300088
150,2010-07-15,TRUE,51.49705603,FALSE,-0.168917077,"Holy Trinity Brompton, Knightsbridge",22,28,6,,FALSE,1002
252,2010-07-21,TRUE,51.5046364,FALSE,-0.116542278,"Jubilee Gardens, South Bank",22,30,6,,FALSE,1111
331,2010-07-26,TRUE,51.52085887,FALSE,-0.089887855,"Bunhill Row, Moorgate",22,30,7,,FALSE,1211
669,2013-10-30,TRUE,51.47614939,FALSE,-0.1232585,"Teversham Lane, Stockwell",22,39,17,,FALSE,300036
41,2010-07-08,TRUE,51.520955,FALSE,-0.083493552,"Pindar Street, Liverpool Street",23,24,0,,FALSE,1084
130,2010-07-15,TRUE,51.50950627,FALSE,-0.075459482,"Tower Gardens , Tower",23,24,1,,FALSE,1071
226,2010-07-20,TRUE,51.50844614,FALSE,-0.131961389,"Charles II Street, West End",23,24,1,,FALSE,3488
740,2013-11-28,TRUE,51.51092871,FALSE,-0.214594781,"Sirdar Road, Avondale",23,26,3,,FALSE,300084
67,2010-07-11,TRUE,51.51882555,FALSE,-0.108028472,"Hatton Garden, Holborn",23,28,4,,FALSE,985
163,2010-07-16,TRUE,51.4931848,FALSE,-0.167894973,"Sloane Avenue, Knightsbridge",23,27,4,,FALSE,3461
810,2016-06-03,TRUE,51.50672529,FALSE,-0.09880724616,"Tate Modern, Bankside",23,30,4,,FALSE,300237
764,2014-02-17,TRUE,51.46239255,FALSE,-0.16829214,"St. John's Road, Clapham Junction",23,33,10,,FALSE,200185
390,2011-02-15,TRUE,51.521776,FALSE,-0.068856,"Buxton Street 1, Shoreditch",23,41,18,,FALSE,1223
682,2013-11-06,TRUE,51.48810829,FALSE,-0.22660621,"Crisp Road, Hammersmith",23,46,23,,FALSE,200059
199,2010-07-18,TRUE,51.51048489,FALSE,-0.082989638,"Great Tower Street, Monument",24,24,0,,FALSE,1080
276,2010-07-21,TRUE,51.50930161,FALSE,-0.084985356,"Lower Thames Street, Monument",24,24,0,,FALSE,1098
239,2010-07-20,TRUE,51.52443845,FALSE,-0.138019439,"Warren Street Station, Euston",24,26,1,,FALSE,1090
400,2011-03-08,TRUE,51.517703,FALSE,-0.154106,"George Street, Marylebone",24,26,2,,FALSE,1225
108,2010-07-14,TRUE,51.49812559,FALSE,-0.132102166,"Abbey Orchard Street, Westminster",24,29,3,,FALSE,3429
790,2016-01-13,TRUE,51.541793,FALSE,-0.00481,"Stratford Station, Stratford",24,28,4,,FALSE,300234
27,2010-07-07,TRUE,51.51382102,FALSE,-0.107927706,"Bouverie Street, Temple",24,33,9,,FALSE,1021
411,,TRUE,51.49337264,FALSE,-0.09968067,"Walworth Road, Elephant & Castle",24,33,9,,FALSE,10629
594,2012-03-14,TRUE,51.513875,FALSE,-0.117774,"Kingsway Southbound, Strand",24,33,9,,FALSE,200226
481,2012-01-19,TRUE,51.487129,FALSE,-0.009001,"Saunders Ness Road, Cubitt Town",24,35,10,,FALSE,200022
579,,TRUE,51.511246,FALSE,-0.093051,"Queen Street 2, Bank",24,36,11,,FALSE,200128
420,2011-06-28,TRUE,51.504043,FALSE,-0.105312,"Southwark Station 1, Southwark",24,37,13,,FALSE,22162
85,2010-07-13,TRUE,51.50064702,FALSE,-0.078600401,"Tanner Street, Bermondsey",24,41,16,,FALSE,994
92,2010-07-13,TRUE,51.49889832,FALSE,-0.100440521,"Borough Road, Elephant & Castle",24,41,16,,FALSE,1082
48,2010-07-10,TRUE,51.51248445,FALSE,-0.099141408,"Godliman Street, St. Paul's",25,25,0,,FALSE,971
88,2010-07-13,TRUE,51.51858757,FALSE,-0.132053392,"Bayley Street , Bloomsbury",25,25,0,,FALSE,1006
175,2018-06-22,TRUE,51.521773,FALSE,-0.0811189,"Worship Street, Hackney",25,26,1,,FALSE,997
141,2010-07-15,TRUE,51.51530805,FALSE,-0.147203711,"Chapel Place, Marylebone",25,29,4,,FALSE,1003
357,2010-10-26,TRUE,51.520994,FALSE,-0.139016,"Howland Street, Fitzrovia",25,30,5,,FALSE,2691
335,2010-07-26,TRUE,51.51196803,FALSE,-0.120718759,"Tavistock Street, Covent Garden",25,33,6,,FALSE,1207
808,2016-04-27,TRUE,51.47348621,FALSE,-0.1225556298,"Stockwell Roundabout, Stockwell",25,33,8,,FALSE,300207
360,2010-11-05,TRUE,51.49675303,FALSE,-0.138733562,"Howick Place, Westminster",26,27,1,,FALSE,2666
636,2013-10-15,TRUE,51.46706414,FALSE,-0.193502076,"South Park, Sands End",26,28,1,,FALSE,200180
826,2017-07-20,TRUE,51.496863,FALSE,-0.1429434,"Allington street, Westminster",26,28,2,,FALSE,300242
476,2012-01-19,TRUE,51.489096,FALSE,-0.009205,"Stebondale Street, Cubitt Town",26,29,3,,FALSE,200009
801,2016-03-24,TRUE,51.50522417,FALSE,-0.09803181187,"Lavington Street, Bankside",26,29,3,,FALSE,300208
601,,TRUE,51.514767,FALSE,-0.225787,"BBC White City, White City",26,36,7,,FALSE,200136
634,2013-10-14,TRUE,51.49434708,FALSE,-0.215804559,"Brook Green South, Brook Green",26,33,7,,FALSE,300002
811,2016-07-26,TRUE,51.50570304,FALSE,-0.02777274262,"Westferry Circus, Canary Wharf",26,36,10,,FALSE,300228
564,,TRUE,51.509943,FALSE,-0.117619,"Somerset House, Strand",26,41,14,,FALSE,200068
39,2010-07-08,TRUE,51.5263778,FALSE,-0.078130921,"Shoreditch High Street, Shoreditch",26,41,15,,FALSE,3445
779,2015-06-26,TRUE,51.514449,FALSE,-0.077178979,"Houndsditch, Aldgate",27,28,1,,FALSE,200072
387,2011-02-07,TRUE,51.49369988,FALSE,-0.121394101,"Fire Brigade Pier, Vauxhall",27,30,2,,FALSE,2703
706,2013-11-14,TRUE,51.50215353,FALSE,-0.083632928,"Snowsfields, London Bridge",27,31,4,,FALSE,200193
273,2010-07-21,TRUE,51.50613324,FALSE,-0.114686385,"Belvedere Road 1, South Bank",27,38,10,,FALSE,1186
812,2016-07-20,TRUE,51.54873119,FALSE,-0.02260655493,"Here East North, Queen Elizabeth Olympic Park",28,28,0,,FALSE,300217
708,2013-11-15,TRUE,51.46161068,FALSE,-0.21614583,"Disraeli Road, Putney",28,33,3,,FALSE,200217
671,2013-10-31,TRUE,51.475089,FALSE,-0.201968,"Parsons Green Station, Parsons Green",28,56,27,,FALSE,300052
775,2014-03-31,TRUE,51.496664,FALSE,-0.223868,"Little Brook Green, Brook Green",30,33,3,,FALSE,300101
115,2010-07-14,TRUE,51.51423368,FALSE,-0.073537654,"Braham Street, Aldgate",30,34,4,,FALSE,1062
246,2010-07-20,TRUE,51.52285301,FALSE,-0.099994052,"Berry Street, Clerkenwell",30,41,10,,FALSE,1159
3,2010-07-04,TRUE,51.52128377,FALSE,-0.084605692,"Christopher Street, Liverpool Street",32,32,0,,FALSE,1012
55,2010-07-10,TRUE,51.51707521,FALSE,-0.086685542,"Finsbury Circus, Liverpool Street",32,33,0,,FALSE,984
140,2010-07-15,TRUE,51.52096262,FALSE,-0.085634242,"Finsbury Square , Moorgate",32,33,0,,FALSE,1056
345,2010-07-27,TRUE,51.48802358,FALSE,-0.166878535,"Flood Street, Chelsea",32,33,0,,FALSE,1218
104,2010-07-14,TRUE,51.51159481,FALSE,-0.077121322,"Crosswall, Tower",32,34,2,,FALSE,991
159,2010-07-16,TRUE,51.51461995,FALSE,-0.137841333,"Great Marlborough Street, Soho",32,39,6,,FALSE,1125
503,2012-01-25,TRUE,51.520893,FALSE,-0.051394,"Cleveland Way, Stepney",35,36,0,,FALSE,200250
570,2012-03-03,TRUE,51.503083,FALSE,-0.017676,"Upper Bank Street, Canary Wharf",35,36,0,,FALSE,200099
789,2016-01-11,TRUE,51.538718,FALSE,-0.011889482,"Podium, Queen Elizabeth Olympic Park",35,40,4,,FALSE,300021
494,2012-01-24,TRUE,51.50196,FALSE,-0.016251,"South Quay East, Canary Wharf",36,36,0,,FALSE,200233
73,2010-07-12,TRUE,51.52572618,FALSE,-0.088486188,"Old Street Station, St. Luke's",36,37,1,,FALSE,1064
313,2010-07-23,TRUE,51.51734403,FALSE,-0.138072691,"Wells Street, Fitzrovia",36,38,2,,FALSE,3495
792,2016-02-08,TRUE,51.505461,FALSE,-0.10454093,"Blackfriars Road, Southwark",36,42,3,,FALSE,300214
269,2010-07-21,TRUE,51.50082346,FALSE,-0.089740764,"Empire Square, The Borough",36,46,9,,FALSE,1209
364,2010-11-18,TRUE,51.519656,FALSE,-0.132339,"Alfred Place, Bloomsbury",41,41,0,,FALSE,3507
566,2012-03-05,TRUE,51.509158,FALSE,-0.224103,"Westfield Ariel Way, White City",41,42,0,,FALSE,200141
12,2010-07-05,TRUE,51.52168078,FALSE,-0.130431727,"Malet Street, Bloomsbury",41,49,8,,FALSE,980