id,latitude,longitude,name,bikes_count,docks_count,nbEmptyDocks,temporary,terminal_name
1,51.52916347,-0.109970527,"River Street , Clerkenwell",0,19,19,False,1023
2,51.49960695,-0.197574246,"Phillimore Gardens, Kensington",16,37,20,False,1018
3,51.52128377,-0.084605692,"Christopher Street, Liverpool Street",32,32,0,False,1012
4,51.53005939,-0.120973687,"St. Chad's Street, King's Cross",2,23,21,False,1013
5,51.49313,-0.156876,"Sedding Street, Sloane Square",18,27,9,False,3420
6,51.51811784,-0.144228881,"Broadcasting House, Marylebone",16,18,2,False,3424
7,51.53430039,-0.1680743,"Charlbert Street, St. John's Wood",0,16,16,False,3422
8,51.52834133,-0.170134484,"Lodge Road, St. John's Wood",7,18,11,False,3423
9,51.5073853,-0.096440751,"New Globe Walk, Bankside",19,19,0,False,1015
10,51.50597426,-0.092754157,"Park Street, Bankside",7,18,10,False,1024
11,51.52395143,-0.122502346,"Brunswick Square, Bloomsbury",10,24,14,False,1022
12,51.52168078,-0.130431727,"Malet Street, Bloomsbury",41,49,8,False,980
13,51.51991453,-0.136039674,"Scala Street, Fitzrovia",21,21,0,False,970
14,51.52994371,-0.123616824,"Belgrove Street , King's Cross",4,48,41,False,1011
15,51.51772703,-0.127854211,"Great Russell Street, Bloomsbury",18,26,8,False,988
16,51.52635795,-0.125979294,"Cartwright Gardens , Bloomsbury",8,22,14,False,1010
17,51.5216612,-0.109006325,"Hatton Wall, Holborn",17,26,9,False,1008
18,51.51477076,-0.12221963,"Drury Lane, Covent Garden",19,27,8,False,1007
19,51.52505093,-0.131161087,"Taviton Street, Bloomsbury",18,30,12,False,1009
21,51.53007835,-0.13884627,"Hampstead Road (Cartmel), Euston",4,16,12,False,3426
22,51.5222641,-0.114079481,"Northington Street , Holborn",16,19,2,False,3425
23,51.51943538,-0.119123345,"Red Lion Square, Holborn",16,16,0,False,3421
24,51.51908011,-0.124678402,"British Museum, Bloomsbury",14,35,20,False,981
25,51.5288338,-0.132250369,"Doric Way , Somers Town",16,31,14,False,1004
26,51.52728093,-0.11829517,"Ampton Street , Clerkenwell",6,21,15,False,1019
27,51.51382102,-0.107927706,"Bouverie Street, Temple",24,33,9,False,1021
28,51.52351808,-0.143613641,"Bolsover Street, Fitzrovia",1,19,18,False,1025
29,51.513735,-0.193487,"Hereford Road, Bayswater",1,22,21,False,1016
30,51.52915444,-0.093421615,"Windsor Terrace, Hoxton",14,24,10,False,1029
31,51.52953709,-0.083353323,"Fanshaw Street, Hoxton",5,36,31,False,3427
32,51.52469624,-0.084439283,"Leonard Circus , Shoreditch",42,43,1,False,1020
33,51.5156,-0.070056,"Central House, Aldgate",0,18,18,False,3430
34,51.5341235,-0.129386874,"Pancras Road, King's Cross",2,16,14,False,3428
36,51.50173726,-0.184980612,"De Vere Gardens, Kensington",4,28,24,False,3446
37,51.49159394,-0.192369256,"Penywern Road, Earl's Court",6,17,11,False,3444
38,51.4973875,-0.197245586,"Abingdon Villas, Kensington",9,17,8,False,3442
39,51.5263778,-0.078130921,"Shoreditch High Street, Shoreditch",26,41,15,False,3445
40,51.52127071,-0.0755789,"Commercial Street, Shoreditch",14,16,2,False,1083
41,51.520955,-0.083493552,"Pindar Street, Liverpool Street",23,24,0,False,1084
42,51.53099181,-0.093903825,"Wenlock Road , Hoxton",3,28,23,False,979
43,51.52026,-0.157183945,"Crawford Street, Marylebone",0,18,16,False,1036
44,51.51073687,-0.144165239,"Bruton Street, Mayfair",21,21,0,False,1034
45,51.522511,-0.162298,"Boston Place, Marylebone",15,26,10,False,1035
46,51.507131,-0.06691,"Nesham Street, Wapping",0,16,16,False,1031
47,51.52334476,-0.183846408,"Warwick Avenue Station, Maida Vale",2,19,16,False,1027
48,51.51248445,-0.099141408,"Godliman Street, St. Paul's",25,25,0,False,971
49,51.50706909,-0.145904427,"Curzon Street, Mayfair",16,16,0,False,3437
50,51.52867339,-0.087459376,"East Road, Hoxton",10,27,17,False,1054
51,51.52671796,-0.104298194,"Finsbury Library , Finsbury",5,29,24,False,986
52,51.52295439,-0.094934859,"Roscoe Street, St. Luke's",4,18,14,False,1026
53,51.5099923,-0.143495266,"Grafton Street, Mayfair",18,18,0,False,3431
54,51.52174785,-0.094475072,"Golden Lane, Barbican",9,27,18,False,967
55,51.51707521,-0.086685542,"Finsbury Circus, Liverpool Street",32,33,0,False,984
56,51.52058381,-0.154701411,"Paddington Street, Marylebone",3,16,13,False,1033
57,51.52334672,-0.120202614,"Guilford Street , Bloomsbury",17,32,15,False,974
58,51.52452699,-0.079248081,"New Inn Yard, Shoreditch",8,20,12,False,1032
60,51.52644828,-0.172190727,"Lisson Grove, St. John's Wood",3,18,15,False,1030
61,51.49738251,-0.089446947,"Great Dover Street, The Borough",15,33,18,False,1017
62,51.4907579,-0.106323685,"Cotton Garden Estate, Kennington",10,24,14,False,990
63,51.53089041,-0.089782579,"Murray Grove , Hoxton",13,27,14,False,989
64,51.50946212,-0.124749274,"William IV Street, Strand",19,26,4,False,1028
65,51.52522753,-0.13518856,"Gower Place , Euston",13,17,4,False,969
66,51.51795029,-0.108657431,"Holborn Circus, Holborn",11,40,27,False,982
67,51.51882555,-0.108028472,"Hatton Garden, Holborn",23,28,4,False,985
68,51.52059681,-0.116688468,"Theobald's Road , Holborn",9,26,16,False,975
69,51.5262363,-0.134407652,"Euston Road, Euston",13,24,11,False,983
70,51.53136059,-0.117069978,"Calshot Street , King's Cross",0,24,24,False,1066
71,51.5154186,-0.098850915,"Newgate Street , St. Paul's",6,34,26,False,1074
72,51.52352001,-0.108340165,"Farringdon Lane, Clerkenwell",9,16,7,False,3432
73,51.52572618,-0.088486188,"Old Street Station, St. Luke's",36,37,1,False,1064
74,51.48591714,-0.124469948,"Vauxhall Cross, Vauxhall",4,17,13,False,1000
75,51.53219984,-0.105480698,"Torrens Street, Angel",0,19,19,False,1060
76,51.52559505,-0.144083893,"Longford Street, The Regent's Park",3,21,18,False,976
77,51.52341837,-0.124121774,"Russell Square Station, Bloomsbury",14,26,12,False,978
78,51.52486887,-0.099489485,"Sadlers Sports Centre, Finsbury",9,17,7,False,3433
79,51.511726,-0.11385596,"Arundel Street, Temple",18,18,0,False,3455
80,51.50069361,-0.102091246,"Webber Street , Southwark",21,45,23,False,3448
81,51.52025302,-0.141327271,"Great Titchfield Street, Fitzrovia",9,19,9,False,3450
82,51.514274,-0.111257,"Chancery Lane, Holborn",4,15,11,False,3453
83,51.50963938,-0.131510949,"Panton Street, West End",20,21,0,False,3452
84,51.51593725,-0.111778348,"Breams Buildings, Holborn",12,25,13,False,3449
85,51.50064702,-0.078600401,"Tanner Street, Bermondsey",24,41,16,False,994
86,51.48947903,-0.115156562,"Sancroft Street, Vauxhall",5,24,19,False,3434
87,51.51646835,-0.079684557,"Devonshire Square, Liverpool Street",13,16,1,False,3438
88,51.51858757,-0.132053392,"Bayley Street , Bloomsbury",25,25,0,False,1006
89,51.5262503,-0.123509611,"Tavistock Place, Bloomsbury",6,19,12,False,3439
90,51.53301907,-0.139174593,"Harrington Square 1, Camden Town",14,27,13,False,1038
91,51.49368637,-0.111014912,"Walnut Tree Walk, Vauxhall",0,20,20,False,1076
92,51.49889832,-0.100440521,"Borough Road, Elephant & Castle",24,41,16,False,1082
93,51.53440868,-0.109025404,"Cloudesley Road, Angel",16,37,21,False,2586
94,51.49506109,-0.085814489,"Bricklayers Arms, Borough",0,28,27,False,1070
95,51.5208417,-0.097340162,"Aldersgate Street, Barbican",11,15,4,False,1065
96,51.53095071,-0.078505384,"Falkirk Street, Hoxton",8,26,18,False,1047
97,51.49792478,-0.183834706,"Gloucester Road (North), Kensington",2,18,16,False,3447
98,51.52554222,-0.138231303,"Hampstead Road, Euston",31,54,21,False,972
99,51.51457763,-0.158264483,"Old Quebec Street, Marylebone",14,16,2,False,1085
100,51.49043573,-0.122806861,"Albert Embankment, Vauxhall",19,24,5,False,1059
101,51.51155322,-0.0929401,"Queen Street 1, Bank",20,22,0,False,999
102,51.51340693,-0.076793375,"Jewry Street, Aldgate",16,17,0,False,1045
103,51.50472376,-0.192538767,"Vicarage Gate, Kensington",4,18,14,False,3441
104,51.51159481,-0.077121322,"Crosswall, Tower",32,34,2,False,991
105,51.51552971,-0.190240716,"Westbourne Grove, Bayswater",2,26,23,False,1041
106,51.51410514,-0.147301667,"Woodstock Street, Mayfair",11,21,10,False,1042
107,51.52600832,-0.096317627,"Finsbury Leisure Centre, St. Luke's",8,20,12,False,1049
108,51.49812559,-0.132102166,"Abbey Orchard Street, Westminster",24,29,3,False,3429
109,51.51563144,-0.132328837,"Soho Square , Soho",10,57,46,False,1052
110,51.53304322,-0.172528678,"Wellington Road, St. John's Wood",5,17,12,False,1055
111,51.5100172,-0.157275636,"Park Lane , Hyde Park",4,28,21,False,1037
112,51.51580998,-0.105270275,"Stonecutter Street, Holborn",18,18,0,False,1061
113,51.49646288,-0.183289032,"Gloucester Road (Central), South Kensington",0,19,19,False,3435
114,51.52451738,-0.158963647,"Park Road (Baker Street), The Regent's Park",15,22,6,False,1050
115,51.51423368,-0.073537654,"Braham Street, Aldgate",30,34,4,False,1062
116,51.51449962,-0.141423695,"Little Argyll Street, West End",19,21,2,False,995
117,51.49288067,-0.114934001,"Lollard Street, Vauxhall",9,25,16,False,998
118,51.49582705,-0.13547809,"Rochester Row, Westminster",13,13,0,False,3457
119,51.52589324,-0.090847761,"Bath Street, St. Luke's",13,18,5,False,964
120,51.51573534,-0.093080779,"The Guildhall, Guildhall",6,17,11,False,1044
121,51.51891348,-0.156166631,"Baker Street, Marylebone",20,22,2,False,1086
122,51.52111369,-0.078869751,"Norton Folgate, Liverpool Street",10,23,12,False,1068
123,51.52836014,-0.104724625,"St. John Street, Finsbury",2,18,15,False,992
124,51.49654462,-0.150905245,"Eaton Square, Belgravia",7,20,13,False,1069
125,51.50069491,-0.094524319,"Borough High Street, The Borough",15,21,6,False,996
126,51.51782144,-0.096496865,"Museum of London, Barbican",51,52,0,False,1043
127,51.51700801,-0.09388536,"Wood Street, Guildhall",8,17,9,False,1063
128,51.49536226,-0.185296516,"Emperor's Gate, South Kensington",6,22,16,False,1116
129,51.5118973,-0.137043852,"Golden Square, Soho",12,18,6,False,3451
130,51.50950627,-0.075459482,"Tower Gardens , Tower",23,24,1,False,1071
131,51.53300545,-0.136792671,"Eversholt Street , Camden Town",7,16,9,False,1005
132,51.52364804,-0.074754872,"Bethnal Green Road, Shoreditch",3,38,33,False,973
133,51.50136494,-0.191462381,"Derry Street, Kensington",13,18,5,False,3436
134,51.504904,-0.06797,"Wapping High Street, Wapping",11,20,8,False,1039
135,51.52326004,-0.104708922,"Clerkenwell Green, Clerkenwell",14,21,7,False,1053
136,51.51196176,-0.097441687,"Queen Victoria Street, St. Paul's",19,32,12,False,1048
138,51.51227622,-0.157436972,"Green Street, Mayfair",8,19,10,False,3464
139,51.49488108,-0.117974901,"Lambeth Road, Vauxhall",14,18,4,False,1078
140,51.52096262,-0.085634242,"Finsbury Square , Moorgate",32,33,0,False,1056
141,51.51530805,-0.147203711,"Chapel Place, Marylebone",25,29,4,False,1003
142,51.49372451,-0.198286569,"West Cromwell Road, Earl's Court",2,24,22,False,1001
143,51.4968865,-0.161203828,"Pont Street, Knightsbridge",21,24,3,False,1114
144,51.48894022,-0.111435796,"Kennington Cross, Kennington",7,47,40,False,1093
145,51.50074359,-0.202759212,"Ilchester Place, Kensington",2,24,22,False,1115
146,51.48836528,-0.129361842,"Vauxhall Bridge , Pimlico",3,35,32,False,1046
148,51.49211134,-0.138364847,"Tachbrook Street, Victoria",10,16,6,False,965
149,51.48478899,-0.110683213,"Kennington Road Post Office, Oval",0,18,18,False,1073
150,51.49705603,-0.168917077,"Holy Trinity Brompton, Knightsbridge",22,28,6,False,1002
151,51.51213691,-0.201554966,"Chepstow Villas, Notting Hill",3,26,22,False,1120
152,51.49217002,-0.101536865,"Hampton Street, Walworth",0,21,20,False,1118
153,51.511933,-0.174411,"Bayswater Road, Hyde Park",0,27,24,False,1096
154,51.50379168,-0.11282408,"Waterloo Station 3, Waterloo",0,35,34,False,1072
155,51.49586666,-0.191933711,"Lexham Gardens, Kensington",0,19,19,False,1121
156,51.49443626,-0.092921165,"New Kent Road, The Borough",3,33,29,False,966
157,51.50039792,-0.193068385,"Wright's Lane, Kensington",19,37,16,False,1094
158,51.49085368,-0.196170309,"Trebovir Road, Earl's Court",8,18,10,False,1113
159,51.51461995,-0.137841333,"Great Marlborough Street, Soho",32,39,6,False,1125
160,51.50663341,-0.131773845,"Waterloo Place, St. James's",20,20,0,False,3458
161,51.49234577,-0.141334487,"Guildhouse Street, Victoria",9,16,7,False,3478
162,51.51760685,-0.121328408,"Southampton Place, Holborn",12,20,8,False,1123
163,51.4931848,-0.167894973,"Sloane Avenue, Knightsbridge",23,27,4,False,3461
164,51.515607,-0.183118788,"Cleveland Gardens, Bayswater",0,16,16,False,1178
165,51.517932,-0.183716959,"Orsett Terrace, Bayswater",1,15,14,False,2585
166,51.50185512,-0.159237081,"Seville Street, Knightsbridge",15,27,11,False,1177
167,51.49395092,-0.147624377,"Eccleston Place, Victoria",6,19,13,False,3465
168,51.50040123,-0.195455928,"Argyll Road, Kensington",15,19,3,False,3463
170,51.52784273,-0.108068155,"Hardwick Street, Clerkenwell",19,30,11,False,1057
171,51.4916156,-0.186753859,"Collingham Gardens, Earl's Court",3,14,11,False,3459
172,51.49121192,-0.173715911,"Sumner Place, South Kensington",11,19,8,False,1124
173,51.50486,-0.113001,"Waterloo Road, South Bank",3,15,12,False,1176
174,51.512529,-0.115163,"Strand, Strand",14,36,22,False,1100
175,51.521773,-0.0811189,"Worship Street, Hackney",25,26,1,False,997
176,51.51791921,-0.188098863,"Gloucester Terrace, Bayswater",0,23,23,False,1173
177,51.49616092,-0.140947636,"Ashley Place, Victoria",15,25,10,False,1122
178,51.48985626,-0.141923621,"Warwick Square, Pimlico",12,19,7,False,3460
180,51.5129118,-0.153645496,"North Audley Street, Mayfair",11,17,6,False,1126
181,51.49941247,-0.152317537,"Belgrave Square, Belgravia",6,21,15,False,3473
182,51.52202903,-0.165842551,"Bell Street , Marylebone",13,18,4,False,1166
183,51.482362,-0.13612398,"Riverlight North, Nine Elms",3,24,21,False,1165
184,51.52071513,-0.14521173,"Portland Place, Marylebone",12,34,21,False,1164
185,51.48805753,-0.140741432,"Alderney Street, Pimlico",3,14,10,False,1174
186,51.51733558,-0.175810943,"South Wharf Road, Paddington",4,16,11,False,1167
187,51.49247977,-0.178433004,"Queen's Gate (South), South Kensington",11,24,12,False,1172
188,51.5165179,-0.164393768,"Nutford Place, Marylebone",8,18,10,False,1112
189,51.53166681,-0.109914711,"Claremont Square, Angel",0,18,17,False,1104
190,51.48997562,-0.132845681,"Rampayne Street, Pimlico",2,21,19,False,1106
191,51.50311799,-0.153520935,"Hyde Park Corner, Hyde Park",14,28,14,False,1075
192,51.51251523,-0.133201961,"Wardour Street, Soho",5,16,10,False,1163
193,51.50581776,-0.100186337,"Bankside Mix, Bankside",49,60,10,False,963
194,51.50462759,-0.091773776,"Hop Exchange, The Borough",40,56,15,False,960
195,51.50724437,-0.106237501,"Milroy Walk, South Bank",29,30,1,False,959
196,51.50368837,-0.098497684,"Union Street, The Borough",12,17,4,False,961
197,51.50556905,-0.111606696,"Stamford Street, South Bank",10,27,17,False,962
199,51.51048489,-0.082989638,"Great Tower Street, Monument",24,24,0,False,1080
200,51.51492456,-0.066078037,"LMU Commercial Road, Whitechapel",1,14,12,False,1105
201,51.5225965,-0.161113413,"Dorset Square, Marylebone",11,16,5,False,1162
202,51.51236389,-0.06954201,"Leman Street, Aldgate",16,37,21,False,1102
203,51.51821864,-0.100791005,"West Smithfield Rotunda, Farringdon",14,15,1,False,1040
204,51.52659961,-0.112432615,"Margery Street, Clerkenwell",2,19,17,False,3468
206,51.518154,-0.062697,"New Road 1 , Whitechapel",1,36,35,False,1171
207,51.50135267,-0.153194766,"Grosvenor Crescent, Belgravia",3,18,15,False,1169
208,51.52505151,-0.166304359,"Mallory Street, Marylebone",0,20,20,False,1175
209,51.49358391,-0.165101392,"Denyer Street, Knightsbridge",13,30,17,False,3454
210,51.51681444,-0.151926305,"Hinde Street, Marylebone",13,21,8,False,3476
211,51.49464523,-0.158105512,"Cadogan Place, Knightsbridge",17,34,16,False,3469
212,51.50658458,-0.199004026,"Campden Hill Road, Notting Hill",4,17,13,False,3487
213,51.50274025,-0.149569201,"Wellington Arch, Hyde Park",14,36,20,False,1109
214,51.52683806,-0.130504336,"Endsleigh Gardens, Euston",5,32,27,False,1079
215,51.51906932,-0.088285377,"Moorfields, Moorgate",51,54,1,False,1092
216,51.49094565,-0.181190899,"Old Brompton Road, South Kensington",1,30,29,False,3479
217,51.51615461,-0.082422399,"Wormwood Street, Liverpool Street",6,16,8,False,2587
218,51.48971651,-0.170194408,"St. Luke's Church, Chelsea",20,20,0,False,3486
219,51.49016361,-0.19039362,"Bramham Gardens, Earl's Court",4,29,24,False,1183
220,51.49066456,-0.166485083,"Chelsea Green, Chelsea",8,27,19,False,1179
221,51.49481649,-0.13045856,"Horseferry Road, Westminster",14,16,2,False,1170
222,51.50275704,-0.155349725,"Knightsbridge, Hyde Park",6,43,37,False,1101
223,51.49148474,-0.090220911,"Rodney Road , Walworth",2,24,20,False,3481
224,51.51476963,-0.188129731,"Whiteley's, Bayswater",6,16,10,False,1150
225,51.50935342,-0.196422,"Notting Hill Gate Station, Notting Hill",5,30,25,False,1182
226,51.50844614,-0.131961389,"Charles II Street, West End",23,24,1,False,3488
227,51.52891573,-0.115480888,"Great Percy Street, Clerkenwell",6,23,17,False,3470
228,51.50742485,-0.134621209,"St. James's Square, St. James's",38,40,2,False,1067
229,51.50654321,-0.123179697,"Whitehall Place, Strand",14,24,7,False,1151
230,51.50669284,-0.103137426,"Poured Lines, Bankside",15,31,15,False,1144
231,51.49396755,-0.17873226,"Queen's Gate (Central), South Kensington",1,31,30,False,1089
232,51.51501025,-0.112753217,"Carey Street, Holborn",13,16,3,False,1139
233,51.50777049,-0.130699733,"Pall Mall East, West End",22,22,0,False,1153
234,51.53450449,-0.106992706,"Liverpool Road (N1 Centre), Angel",1,24,23,False,1081
235,51.49571828,-0.110889274,"Kennington Road  , Vauxhall",3,36,32,False,1154
236,51.51838043,-0.073438925,"Fashion Street, Whitechapel",4,30,26,False,3483
237,51.50978602,-0.06816198052,"Dock Street, Wapping",14,30,15,False,3467
238,51.5233534,-0.175116099,"Frampton Street, Paddington",9,32,23,False,1099
239,51.52443845,-0.138019439,"Warren Street Station, Euston",24,26,1,False,1090
240,51.50545935,-0.10569204,"Colombo Street, Southwark",14,14,0,False,3472
242,51.52200801,-0.151359288,"Beaumont Street, Marylebone",6,23,16,False,3482
243,51.49096258,-0.139625122,"Gloucester Street, Pimlico",4,25,21,False,1103
244,51.51611887,-0.128585022,"Earnshaw Street , Covent Garden",16,18,0,False,1145
245,51.4853572,-0.142207481,"Grosvenor Road, Pimlico",20,29,9,False,1140
246,51.52285301,-0.099994052,"Berry Street, Clerkenwell",30,41,10,False,1159
247,51.530052,-0.168314,"St. John's Wood Church, The Regent's Park",20,50,28,False,1091
248,51.50645179,-0.170279555,"Triangle Car Park, Hyde Park",4,27,22,False,1088
249,51.49859784,-0.096191134,"Harper Road, The Borough",15,42,27,False,1137
250,51.489932,-0.162727,"Royal Avenue 1, Chelsea",5,10,4,False,3440
251,51.518908,-0.079249,"Brushfield Street, Liverpool Street",20,34,14,False,1161
252,51.5046364,-0.116542278,"Jubilee Gardens, South Bank",22,30,6,False,1111
253,51.53404294,-0.086379717,"Shoreditch Park, Hoxton",1,30,29,False,1051
254,51.53051587,-0.106408455,"Chadwell Street, Angel",3,18,15,False,3471
255,51.52557531,-0.179592915,"Clifton Road, Maida Vale",0,22,21,False,1147
256,51.51362054,-0.116764211,"Houghton Street, Strand",10,15,5,False,3484
257,51.52248185,-0.154907218,"Westminster University, Marylebone",3,16,13,False,1194
258,51.50143293,-0.178656971,"Kensington Gore, Knightsbridge",8,23,15,False,1193
259,51.491495,-0.15400472,"Bourne Street, Belgravia",7,16,9,False,1180
260,51.5136846,-0.135580879,"Broadwick Street, Soho",7,18,11,False,3489
261,51.5134891,-0.191351186,"Princes Square, Bayswater",3,15,12,False,3491
262,51.49874469,-0.103132904,"LSBU (Borough Road), Elephant & Castle",15,35,19,False,1095
263,51.51422502,-0.080660083,"St. Mary Axe, Aldgate",8,21,13,False,1184
264,51.52644342,-0.109256828,"Tysoe Street, Clerkenwell",6,20,14,False,1146
265,51.51595344,-0.169249375,"Southwick Street, Paddington",5,17,11,False,3490
266,51.50102668,-0.180246101,"Queen's Gate (North), Kensington",5,41,36,False,1204
267,51.49206037,-0.132224622,"Regency Street, Westminster",10,22,12,False,1155
268,51.49320445,-0.144132875,"Belgrave Road, Victoria",10,29,19,False,1087
269,51.50082346,-0.089740764,"Empire Square, The Borough",36,46,9,False,1209
270,51.4863434,-0.122492418,"Kennington Lane Rail Bridge, Vauxhall",1,31,29,False,1190
271,51.53583617,-0.156285395,"London Zoo,  The Regent's Park",15,32,17,False,1136
272,51.50144456,-0.110699309,"Baylis Road, Waterloo",5,22,16,False,1133
273,51.50613324,-0.114686385,"Belvedere Road 1, South Bank",27,38,10,False,1186
274,51.49671237,-0.20528437,"Warwick Road, Olympia",8,36,28,False,1134
275,51.52004497,-0.092176447,"Barbican Centre, Barbican",17,19,1,False,1191
276,51.50930161,-0.084985356,"Lower Thames Street, Monument",24,24,0,False,1098
277,51.50315739,-0.191496313,"Kensington Church Street, Kensington",3,17,14,False,1143
278,51.5034938,-0.07962099,"Tooley Street, Bermondsey",15,17,1,False,1142
279,51.51862243,-0.176645823,"North Wharf Road, Paddington",20,25,4,False,1108
280,51.490083,-0.162418,"Royal Avenue 2, Chelsea",5,10,4,False,3462
281,51.49580589,-0.127575233,"Smith Square, Westminster",8,18,10,False,3480
282,51.51906446,-0.059642081,"Royal London Hospital, Whitechapel",2,42,40,False,1077
283,51.51440928,-0.118478757,"Kingsway, Covent Garden",5,16,11,False,1141
284,51.49914063,-0.112031483,"Lambeth North Station, Waterloo",10,20,10,False,1117
286,51.5272947,-0.174653609,"St. John's Wood Road, St. John's Wood",2,35,33,False,1187
287,51.52367314,-0.128377673,"Bedford Way, Bloomsbury",7,23,16,False,1156
288,51.49236962,-0.147478734,"Elizabeth Bridge, Victoria",7,34,27,False,1138
290,51.51678023,-0.175488803,"Winsland Street, Paddington",0,15,13,False,3496
291,51.48483991,-0.138089062,"Claverton Street, Pimlico",20,32,12,False,1135
292,51.49888404,-0.165471605,"Montpelier Street, Knightsbridge",14,16,1,False,1206
293,51.49815779,-0.209494128,"Kensington Olympia Station, Olympia",0,25,25,False,1214
294,51.488226,-0.135635511,"St. George's Square, Pimlico",9,16,7,False,1195
295,51.50029631,-0.092762704,"Swan Street, The Borough",4,27,22,False,1216
296,51.49363156,-0.190603326,"Knaresborough Place, Earl's Court",8,18,10,False,200069
297,51.49612799,-0.106000855,"Geraldine Street, Elephant & Castle",6,17,11,False,3498
298,51.50227992,-0.074189225,"Curlew Street, Shad Thames",6,21,14,False,1213
299,51.49398524,-0.136928582,"Vincent Square, Westminster",5,19,13,False,1196
300,51.505014,-0.17306032,"Serpentine Car Park, Hyde Park",1,18,16,False,1217
301,51.51475963,-0.148105415,"Marylebone Lane, Marylebone",22,24,2,False,1152
302,51.466907,-0.216573,"Putney Pier, Wandsworth",2,28,26,False,3492
303,51.50295379,-0.158456089,"Albert Gate, Hyde Park",22,28,5,False,1132
305,51.48677988,-0.115853961,"Kennington Lane Tesco, Vauxhall",12,15,2,False,1168
306,51.51816295,-0.135025698,"Rathbone Street, Fitzrovia",15,16,1,False,3497
307,51.50990837,-0.187842717,"Black Lion Gate, Kensington Gardens",2,24,19,False,1157
308,51.49907558,-0.085666316,"Long Lane , Bermondsey",10,20,10,False,1189
309,51.50963123,-0.119047563,"Embankment (Savoy), Strand",19,41,22,False,1192
310,51.4908679,-0.116911864,"Black Prince Road, Vauxhall",8,19,11,False,1205
311,51.51918144,-0.140485596,"Foley Street, Fitzrovia",8,24,16,False,3494
312,51.53088935,-0.176770502,"Grove End Road, St. John's Wood",4,20,16,False,1130
313,51.51734403,-0.138072691,"Wells Street, Fitzrovia",36,38,2,False,3495
314,51.50088934,-0.083159352,"Tyers Gate, Bermondsey",5,36,30,False,3485
315,51.52536703,-0.153463612,"The Tennis Courts, The Regent's Park",5,16,9,False,1199
317,51.49679128,-0.093913472,"Dickens Square, Borough",11,32,21,False,1208
318,51.51004801,-0.138846453,"Sackville Street, Mayfair",10,18,8,False,1197
319,51.52702563,-0.088542771,"Baldwin Street, St. Luke's",1,21,20,False,3500
320,51.49357351,-0.139956043,"Queen Mother Sports Centre, Victoria",17,26,7,False,1148
321,51.49785559,-0.081608045,"Bermondsey Street, Bermondsey",0,24,22,False,2637
322,51.526293,-0.073955,"Palissy Street, Shoreditch",13,26,13,False,3502
323,51.523196,-0.083067,"Clifton Street, Shoreditch",17,24,7,False,3501
324,51.49652013,-0.101384068,"Ontario Street, Elephant & Castle",8,15,7,False,1200
325,51.50908747,-0.129697889,"St. Martin's Street, West End",16,18,1,False,1158
326,51.53266186,-0.099981142,"Graham Street, Angel",3,25,22,False,1131
327,51.53095,-0.085603,"New North Road 1, Hoxton",4,22,18,False,1128
328,51.53114,-0.086016,"New North Road 2, Hoxton",0,22,22,False,2641
329,51.53589283,-0.160854428,"Prince Albert Road, The Regent's Park",0,24,24,False,2636
330,51.51641749,-0.179135079,"Eastbourne Mews, Paddington",8,34,26,False,1203
331,51.52085887,-0.089887855,"Bunhill Row, Moorgate",22,30,7,False,1211
332,51.49334336,-0.194757949,"Nevern Place, Earl's Court",0,20,20,False,1210
333,51.50860544,-0.193764092,"Palace Gardens Terrace, Notting Hill",3,37,34,False,2633
334,51.505044,-0.115851,"Concert Hall Approach 1, South Bank",2,10,8,False,2635
335,51.51196803,-0.120718759,"Tavistock Street, Covent Garden",25,33,6,False,1207
336,51.504942,-0.115533,"Concert Hall Approach 2, South Bank",11,18,7,False,1212
337,51.51108452,-0.197524944,"Pembridge Villas, Notting Hill",3,16,13,False,2589
338,51.51175646,-0.119643424,"Wellington Street , Strand",14,24,9,False,1202
339,51.5333196,-0.1117812,"Risinghill Street, Angel",1,25,24,False,1127
340,51.51444134,-0.087587447,"Bank of England Museum, Bank",14,16,2,False,1201
341,51.50810309,-0.12602103,"Craven Street, Strand",13,23,9,False,1160
343,51.53692216,-0.150181444,"London Zoo Car Park, The Regent's Park",10,36,26,False,1188
344,51.528246,-0.10102611,"Goswell Road (City Uni), Finsbury",1,17,16,False,1222
345,51.48802358,-0.166878535,"Flood Street, Chelsea",32,33,0,False,1218
347,51.50013942,-0.113936001,"Lower Marsh, Waterloo",17,17,0,False,1219
348,51.51217033,-0.150481272,"Grosvenor Square, Mayfair",9,17,8,False,10627
349,51.51196,-0.142783033,"St. George Street, Mayfair",18,18,0,False,1221
350,51.50171544,-0.1798541844,"Queen's Gate, Kensington Gardens",0,21,19,False,1231
351,51.529423,-0.097122,"Macclesfield Rd, St Lukes",1,28,27,False,1226
352,51.486965,-0.116625,"Vauxhall Street, Vauxhall",2,19,17,False,1224
353,51.49459148,-0.134234258,"Greycoat Street , Westminster",6,17,11,False,10623
354,51.506767,-0.123702,"Northumberland Avenue, Strand",15,37,22,False,1097
355,51.486575,-0.117286,"Oval Way, Vauxhall",20,21,1,False,2694
356,51.494412,-0.173881,"South Kensington Station, South Kensington",0,15,14,False,2685
357,51.520994,-0.139016,"Howland Street, Fitzrovia",25,30,5,False,2691
358,51.516226,-0.124826,"High Holborn , Covent Garden",20,20,0,False,1229
359,51.49782999,-0.135440826,"Butler Place, Westminster",5,18,13,False,2662
360,51.49675303,-0.138733562,"Howick Place, Westminster",26,27,1,False,2666
361,51.50391973,-0.11342629,"Waterloo Station 2, Waterloo",7,55,48,False,2692
362,51.536264,-0.133952,"Royal College Street, Camden Town",19,57,37,False,2686
363,51.5291212,-0.1711852849,"Lord's, St. John's Wood",8,24,16,False,2665
364,51.519656,-0.132339,"Alfred Place, Bloomsbury",41,41,0,False,3507
365,51.530344,-0.100168,"City Road, Angel",15,47,32,False,2690
366,51.5109193,-0.1511263847,"Millennium Hotel, Mayfair",20,27,7,False,1230
367,51.5173721,-0.1642075,"Harrowby Street, Marylebone",5,16,11,False,2680
368,51.50024195,-0.15934065,"Harriet Street, Knightsbridge",10,25,15,False,2681
370,51.520205,-0.174593,"Paddington Green, Paddington",6,20,14,False,2670
371,51.49775,-0.10988,"King Edward Walk, Waterloo",7,22,15,False,2639
372,51.515208,-0.117863,"Sardinia Street, Holborn",19,24,5,False,2649
373,51.49980661,-0.176415994,"Prince Consort Road, Knightsbridge",8,18,9,False,3499
374,51.50402794,-0.11386436,"Waterloo Station 1, Waterloo",21,36,12,False,2696
375,51.50194596,-0.194392952,"Kensington Town Hall, Kensington",1,18,17,False,10632
376,51.49188409,-0.125674815,"Millbank Tower, Pimlico",18,24,4,False,2683
377,51.50535447,-0.113656543,"Waterloo Bridge, South Bank",9,15,5,False,2648
378,51.49559291,-0.179077626,"Natural History Museum, South Kensington",13,42,29,False,2677
379,51.51431171,-0.200838199,"Turquoise Island, Notting Hill",1,21,19,False,2682
380,51.50686435,-0.150666888,"Stanhope Gate, Mayfair",6,21,15,False,3506
381,51.51953043,-0.13577731,"Charlotte Street, Fitzrovia",12,14,2,False,2669
382,51.50935171,-0.14744969,"Farm Street, Mayfair",13,15,0,False,2678
383,51.51310333,-0.13121385,"Frith Street, Soho",15,18,3,False,2660
384,51.496481,-0.192404,"Marloes Road, Kensington",9,15,6,False,3505
386,51.51352755,-0.130110822,"Moor Street, Soho",11,16,4,False,3504
387,51.49369988,-0.121394101,"Fire Brigade Pier, Vauxhall",27,30,2,False,2703
388,51.51070161,-0.121723604,"Southampton Street, Strand",14,14,0,False,1228
389,51.51013066,-0.155757901,"Upper Grosvenor Street, Mayfair",6,18,12,False,10621
390,51.521776,-0.068856,"Buxton Street 1, Shoreditch",23,41,18,False,1223
392,51.49942855,-0.179702476,"Imperial College, Knightsbridge",14,21,7,False,1220
393,51.51733427,-0.103604248,"Snow Hill, Farringdon",8,15,7,False,2699
394,51.524826,-0.176268,"Aberdeen Place, St. John's Wood",0,18,18,False,2698
395,51.492462,-0.159919,"Cadogan Gardens, Chelsea",14,15,1,False,2695
396,51.51809,-0.163609,"Shouldham Street, Marylebone",0,16,16,False,2693
397,51.51348,-0.17977,"Devonshire Terrace, Bayswater",1,16,15,False,1227
398,51.502319,-0.200742,"Holland Park, Kensington",19,30,10,False,10631
399,51.52261762,-0.071653961,"Brick Lane Market, Shoreditch",4,24,20,False,2687
400,51.517703,-0.154106,"George Street, Marylebone",24,26,2,False,1225
401,51.528187,-0.075375,"Columbia Road, Shoreditch",14,24,10,False,2701
402,51.52289229,-0.171681991,"Penfold Street, Marylebone",2,15,13,False,10625
403,51.51689296,-0.158249929,"George Place Mews, Marylebone",10,16,6,False,10630
404,51.50204238,-0.184400221,"Palace Gate, Kensington Gardens",0,13,11,False,1110
405,51.49418566,-0.18267094,"Gloucester Road Station, South Kensington",5,15,9,False,1107
408,51.51994326,-0.170704337,"Paddington Green Police Station, Paddington",0,40,39,False,1129
409,51.493146,-0.099828,"Strata, Elephant & Castle",1,41,39,False,10624
410,51.519968,-0.169774,"Edgware Road Station, Marylebone",10,64,54,False,1058
411,51.49337264,-0.09968067,"Walworth Road, Elephant & Castle",24,33,9,False,10629
412,51.488105,-0.110121,"Cleaver Street, Kennington",3,17,12,False,10628
419,51.485821,-0.149004,"Chelsea Bridge, Pimlico",0,15,15,False,22160
420,51.504043,-0.105312,"Southwark Station 1, Southwark",24,37,13,False,22162
421,51.504044,-0.104778,"Southwark Station 2, Southwark",15,45,29,False,22163
423,51.49456127,-0.15393398,"Eaton Square (South), Belgravia",5,31,26,False,22164
424,51.490491,-0.149186,"Ebury Bridge, Pimlico",11,29,18,False,22159
425,51.533379,-0.139159,"Harrington Square 2, Camden Town",13,38,25,False,22181
426,51.493072,-0.129925,"Vincent Street, Pimlico",3,17,13,False,22161
427,51.51397065,-0.09294031,"Cheapside, Bank",42,43,0,False,22180
428,51.499917,-0.174554,"Exhibition Road, Knightsbridge",17,20,2,False,22179
430,51.48902,-0.17524,"South Parade, Chelsea",4,18,13,False,22182
431,51.534474,-0.122203,"Crinan Street, King's Cross",7,20,12,False,22183
432,51.496957,-0.173894,"Exhibition Road Museums, South Kensington",15,22,7,False,22158
433,51.524564,-0.116279,"Wren Street, Holborn",13,33,19,False,22169
435,51.488852,-0.105593,"Kennington Station, Kennington",10,23,13,False,22170
436,51.51824,-0.11655,"Red Lion Street, Holborn",19,35,16,False,22171
437,51.488124,-0.120903,"Vauxhall Walk, Vauxhall",10,27,17,False,200056
439,51.5338,-0.118677,"Killick Street, King's Cross",9,22,13,False,200053
440,51.483145,-0.113134,"Kennington Oval, Oval",15,33,18,False,200032
441,51.495656,-0.114605,"Sail Street, Vauxhall",5,24,19,False,200039
442,51.510101,-0.211358,"Walmer Road, Avondale",8,24,16,False,200035
443,51.515256,-0.058641,"Philpot Street, Whitechapel",7,30,23,False,200033
444,51.52568,-0.055312,"Bethnal Green Garden, Bethnal Green",3,24,20,False,200047
445,51.52388,-0.065076,"Cheshire Street, Bethnal Green",0,28,28,False,200003
446,51.528936,-0.055894,"York Hall, Bethnal Green",16,27,11,False,200042
447,51.493381,-0.007542,"Jubilee Crescent, Cubitt Town",15,54,39,False,200054
448,51.50623,-0.02296,"Fisherman's Walk West, Canary Wharf",34,36,1,False,22165
449,51.511088,-0.057159,"Shadwell Station, Shadwell",9,35,25,False,200020
450,51.515975,-0.053177,"Jubilee Street, Stepney",8,28,20,False,200002
451,51.504719,-0.063531,"Hermitage Court, Wapping",0,16,16,False,200021
452,51.505697,-0.070542,"St. Katharine's Way, Tower",11,24,13,False,200049
453,51.508447,-0.055167,"Garnet Street, Shadwell",5,24,19,False,200045
454,51.487679,-0.021582,"Napier Avenue, Millwall",5,20,15,False,200046
455,51.49447,-0.014409,"East Ferry Road, Cubitt Town",16,17,1,False,200031
456,51.538071,-0.144664,"Parkway, Camden Town",19,33,14,False,200118
457,51.542138,-0.145393,"Castlehaven Road, Camden Town",11,29,18,False,200016
458,51.504749,-0.057544,"Wapping Lane, Wapping",1,28,26,False,200034
459,51.535179,-0.03338,"Gunmakers Lane, Old Ford",0,17,14,False,200014
460,51.516196,-0.029138,"Burdett Road, Mile End",0,33,33,False,200123
461,51.516,-0.038775,"Aston Street, Stepney",9,26,17,True,200013
462,51.541603,-0.138853,"Bonny Street, Camden Town",0,45,45,False,200105
463,51.534776,-0.071881,"Thurtle Road, Haggerston",6,22,16,False,200093
464,51.51417,-0.052099,"St. Mary & St. Michael Church, Stepney",0,25,25,False,200082
465,51.53558,-0.08249,"Pitfield Street North,Hoxton",12,28,16,False,200152
466,51.534464,-0.076341,"Whiston Road, Haggerston",2,21,19,False,200158
467,51.523538,-0.030556,"Southern Grove, Bow",1,17,16,False,200168
468,51.521564,-0.022694,"Cantrell Road, Bow",0,24,24,False,200150
469,51.513757,-0.020467,"Lindfield Street, Poplar",1,44,43,False,22178
470,51.530535,-0.025492,"Mostyn Grove, Bow",18,46,28,False,200174
471,51.533283,-0.028155,"Hewison Street, Old Ford",0,19,16,False,200006
472,51.529452,-0.027616,"Malmesbury Road, Bow",9,21,11,False,200019
473,51.496137,-0.019355,"Millharbour, Millwall",16,19,3,False,22167
474,51.498125,-0.011457,"Castalia Square, Cubitt Town",15,39,24,False,200155
475,51.499041,-0.020157,"Lightermans Road, Millwall",18,57,37,False,200004
476,51.489096,-0.009205,"Stebondale Street, Cubitt Town",26,29,3,False,200009
477,51.49109,-0.018716,"Spindrift Avenue, Millwall",9,36,27,False,200018
478,51.521889,-0.04667,"Stepney Green Station, Stepney",3,21,18,False,200012
479,51.527152,-0.058005,"Pott Street, Bethnal Green",0,20,19,False,200156
480,51.5128711,-0.0389866,"Flamborough Street, Limehouse",1,25,23,False,200115
481,51.487129,-0.009001,"Saunders Ness Road, Cubitt Town",24,35,10,False,200022
483,51.51328,-0.047784,"Albert Gardens, Stepney",0,33,32,False,22166
484,51.528828,-0.013258,"Bromley High Street, Bow",22,24,2,False,22172
485,51.531127,-0.048017,"Old Ford Road, Bethnal Green",0,24,23,False,22173
486,51.525645,-0.069543,"Granby Street, Shoreditch",0,37,36,False,22174
487,51.511811,-0.025626,"Canton Street, Poplar",2,23,21,False,22175
488,51.506946,-0.058681,"Reardon Street, Wapping",4,22,17,False,22176
489,51.513074,-0.064094,"Christian Street, Whitechapel",18,34,14,False,22177
490,51.508622,-0.065006,"Pennington Street, Wapping",5,45,40,False,200090
491,51.522507,-0.041378,"Queen Mary's, Mile End",2,45,43,False,200249
492,51.524677,-0.03562,"The Green Bridge, Mile End",7,63,53,False,200230
494,51.50196,-0.016251,"South Quay East, Canary Wharf",36,36,0,False,200233
495,51.528169,-0.018703,"Bow Church Station, Bow",14,39,22,False,200252
496,51.52512,-0.015578,"Devons Road, Bow",20,39,18,False,200255
497,51.526177,-0.0274677,"Merchant Street, Bow",9,27,18,False,200242
498,51.527058,-0.025296,"Bow Road Station, Bow",4,41,36,False,200251
499,51.519265,-0.021345,"Furze Green, Bow",0,36,36,False,200011
500,51.519806,-0.055731,"Ansell House, Stepney",0,41,39,False,200148
501,51.522561,-0.054883,"Cephas Street, Bethnal Green",0,24,24,False,200073
503,51.520893,-0.051394,"Cleveland Way, Stepney",35,36,0,False,200250
504,51.496454,-0.009506,"St. John's Park, Cubitt Town",0,30,30,False,200243
505,51.520398,-0.026768,"Ackroyd Drive, Bow",0,29,28,False,200038
506,51.517475,-0.075855,"Bell Lane, Liverpool Street",12,23,11,False,200036
507,51.528692,-0.059091,"Clarkson Street, Bethnal Green",0,31,31,False,200131
508,51.519362,-0.074431,"Fournier Street, Whitechapel",14,18,4,False,200157
509,51.517842,-0.090075,"Fore Street, Guildhall",19,19,0,False,200253
510,51.509303,-0.025996,"Westferry DLR, Limehouse",14,41,27,False,200238
511,51.511066,-0.053558,"Sutton Street, Shadwell",5,33,24,False,200256
512,51.532091,-0.06142,"Pritchard's Road, Bethnal Green",2,30,28,False,200083
513,51.5142228,-0.055656,"Watney Market, Stepney",7,51,44,False,200162
514,51.516204,-0.155525,"Portman Square, Marylebone",15,17,2,False,200008
515,51.500088,-0.211316,"Russell Gardens, Olympia",0,24,24,False,200080
516,51.5112,-0.014438,"Chrisp Street Market, Poplar",13,18,5,False,200089
517,51.532513,-0.033085,"Ford Road, Old Ford",0,17,16,False,200027
518,51.528224,-0.037471,"Antill Road, Mile End",0,30,30,False,200041
519,51.518811,-0.011662,"Teviot Street, Poplar",2,33,31,False,200254
520,51.526041,-0.047218,"Bancroft Road, Bethnal Green",0,21,21,False,200234
521,51.534137,-0.037366,"Driffield Road, Old Ford",1,19,18,False,200030
522,51.525941,-0.036017,"Clinton Road, Mile End",15,36,21,False,200161
523,51.51549,-0.013475,"Langdon Park, Poplar",12,24,12,False,200160
524,51.511654,-0.179668,"Lancaster Gate , Bayswater",1,38,37,False,200017
526,51.503143,-0.008428,"Lancaster Drive, Blackwall",7,27,20,False,200143
527,51.503802,-0.215808,"Hansard Mews, Holland Park",9,20,11,False,200154
528,51.507326,-0.145827,"Clarges Street, Mayfair",16,16,0,False,200088
529,51.486892,-0.170983,"Manresa Road, Chelsea",16,18,2,False,200010
530,51.508896,-0.012413,"Newby Place, Poplar",15,18,3,False,200146
531,51.530326,-0.042744,"Twig Folly Bridge, Mile End",0,21,20,False,200167
532,51.50357,-0.020068,"Jubilee Plaza, Canary Wharf",31,63,31,False,200163
533,51.528222,-0.069743,"Wellington Row, Bethnal Green",0,33,31,False,200165
534,51.531864,-0.066035,"Goldsmith's Row, Haggerston",11,27,15,False,200159
535,51.537349,-0.147154,"Gloucester Avenue, Camden Town",7,24,16,False,200145
536,51.53385,-0.06992,"Queensbridge Road, Haggerston",3,35,31,False,200024
537,51.51793,-0.067937,"Old Montague Street, Whitechapel",0,18,17,False,200239
538,51.508981,-0.00699,"Naval Row, Blackwall",12,21,9,False,200050
539,51.531091,-0.075901,"Hoxton Station, Hoxton",14,22,7,False,200151
540,51.528302,-0.144466,"Albany Street, The Regent's Park",4,27,22,False,200134
541,51.506613,-0.142844,"Green Park Station, Mayfair",14,28,13,False,200096
542,51.514115,-0.033828,"Salmon Lane, Limehouse",12,33,21,False,200147
543,51.509591,-0.204666,"Lansdowne Walk, Ladbroke Grove",0,21,21,False,200065
544,51.526153,-0.102208,"Percival Street, Finsbury",18,22,4,False,200051
545,51.539957,-0.145246,"Arlington Road, Camden Town",3,24,21,False,200070
546,51.517428,-0.107987,"New Fetter Lane, Holborn",16,21,5,False,200044
547,51.509474,-0.002275,"East India DLR, Blackwall",11,51,39,False,200127
548,51.498386,-0.107913,"Westminster Bridge Road, Elephant & Castle",20,26,6,False,200076
549,51.49605,-0.104193,"Gaywood  Street, Elephant & Castle",17,45,28,False,200132
550,51.521564,-0.039264,"Harford Street, Mile End",3,23,19,False,200102
551,51.505772,-0.016460175,Import Dock,38,39,0,False,200066
552,51.511542,-0.056667,"Watney Street, Shadwell",7,27,19,False,200149
553,51.535678,-0.062546,"Regent's Row , Haggerston",10,24,12,False,200064
554,51.513548,-0.005659,"Aberfeldy Street, Poplar",14,16,1,False,200078
556,51.502661,-0.021596,"Heron Quays DLR, Canary Wharf",20,27,6,False,200138
557,51.51601,-0.0985,"King Edward Street, St Pauls",10,20,10,False,200203
558,51.493978,-0.127554,"Page Street, Westminster",21,24,2,False,200048
559,51.501391,-0.205991,"Abbotsbury Road, Holland Park",4,24,20,False,200111
560,51.511624,-0.205921,"Ladbroke Grove Central, Ladbroke Grove",7,21,14,False,200015
561,51.518369,-0.043371,"Rectory Square, Stepney",7,22,14,False,200037
562,51.51746,-0.12335,"Bury Place, Holborn",21,21,0,False,200074
563,51.499286,-0.009152,"Preston's Road, Cubitt Town",9,26,17,False,200232
564,51.509943,-0.117619,"Somerset House, Strand",26,41,14,False,200068
565,51.521905,-0.063386,"Selby Street, Whitechapel",0,17,17,False,200135
566,51.509158,-0.224103,"Westfield Ariel Way, White City",41,42,0,False,200141
568,51.51616,-0.18697,"Bishop's Bridge Road West, Bayswater",2,18,16,False,200110
569,51.53213,-0.08299,"Pitfield Street Central, Hoxton",12,30,18,False,200248
570,51.503083,-0.017676,"Upper Bank Street, Canary Wharf",35,36,0,False,200099
571,51.506256,-0.218337,"Westfield Southern Terrace ,Shepherd's Bush",9,29,20,False,200061
572,51.539099,-0.141728,"Greenland Road, Camden Town",12,36,23,False,200026
573,51.485587,-0.18119,"Limerston Street, West Chelsea",10,18,8,False,200001
574,51.53356,-0.09315,"Eagle Wharf Road, Hoxton",20,45,25,False,200246
576,51.497304,-0.022793,"Alpha Grove, Millwall",5,22,17,False,200109
577,51.528869,-0.047548,"Globe Town Market, Bethnal Green",0,20,19,False,200247
578,51.527607,-0.057133,"Hollybush Gardens, Bethnal Green",1,32,31,False,200244
579,51.511246,-0.093051,"Queen Street 2, Bank",24,36,11,False,200128
580,51.48692917,-0.102996299,"Doddington Grove, Kennington",3,36,33,False,200084
581,51.519167,-0.147983,"New Cavendish Street, Marylebone",9,18,8,False,200005
583,51.497622,-0.125978,"Abingdon Green, Westminster",6,20,14,False,200231
584,51.51244,-0.19096,"Ilchester Gardens, Bayswater",0,21,20,False,200086
586,51.490645,-0.014582,"Mudchute DLR, Cubitt Town",11,31,20,False,200092
587,51.50964,-0.08497,"Monument Street, Monument",22,22,0,False,200101
588,51.52959,-0.0801,"Hoxton Street, Hoxton",17,27,9,False,200071
589,51.487196,-0.179369,"Drayton Gardens, West Chelsea",5,18,13,False,200060
590,51.53256,-0.16862,"Greenberry Street, St.John's Wood",11,26,14,False,200236
591,51.506093,-0.2242237,"Westfield Library Corner, Shepherd's Bush",8,27,19,False,200227
592,51.5171,-0.18377,"Bishop's Bridge Road East, Bayswater",12,20,8,False,200108
593,51.531066,-0.11934,"Northdown Street, King's Cross",15,21,6,False,200058
594,51.513875,-0.117774,"Kingsway Southbound, Strand",24,33,9,False,200226
595,51.493267,-0.21985,"Hammersmith Road, Hammersmith",14,22,8,False,200142
596,51.472817,-0.199783,"Parson's Green , Parson's Green",9,21,12,False,200237
597,51.473471,-0.20782,"Fulham Park Road, Fulham",6,27,20,False,200229
598,51.494499,-0.228188,"Southerton Road, Hammersmith",17,38,21,False,200166
599,51.485743,-0.223616,"Manbre Road, Hammersmith",17,28,11,False,200235
600,51.481747,-0.124642,"South Lambeth Road, Vauxhall",6,21,15,False,200133
601,51.514767,-0.225787,"BBC White City, White City",26,36,7,False,200136
602,51.472993,-0.133972,"Union Grove, Wandsworth Road",14,45,29,False,200211
603,51.477839,-0.116493,"Caldwell Street, Stockwell",13,44,31,False,200137
604,51.538792,-0.138535,"St Martins Close, Camden Town",0,18,16,False,200195
605,51.520331,-0.163667,"Seymour Place, Marylebone",18,29,11,False,200198
606,51.504199,-0.210941,"Addison Road, Holland Park",19,26,6,False,200218
607,51.468814,-0.210279,"Putney Bridge Station, Fulham",17,21,4,False,200125
608,51.491093,-0.216493,"Colet Gardens, Hammersmith",10,30,20,False,200224
609,51.46512358,-0.157788279,"Sugden Road, Clapham",1,19,18,False,200208
610,51.48256792,-0.172078187,"Danvers Street, West Chelsea",1,21,20,False,200222
611,51.50646524,-0.208486599,"Princedale Road , Holland Park",5,20,15,False,200067
612,51.46925984,-0.141812513,"Wandsworth Rd, Isley Court, Wandsworth Road",10,30,20,False,200175
613,51.50403821,-0.217400093,"Woodstock Grove, Shepherd's Bush",18,24,5,False,200214
614,51.47817208,-0.144690541,"Bradmead, Battersea Park",14,40,26,False,200025
615,51.4768851,-0.215895601,"Finlay Street, Fulham",1,24,23,False,200029
616,51.48102131,-0.209973497,"Aintree Street, Fulham",0,24,23,False,200098
617,51.47107905,-0.207842908,"Elysium Place, Fulham",1,21,20,False,200028
618,51.47625965,-0.193254007,"Eel Brook Common, Walham Green",2,24,22,False,300003
619,51.4737636,-0.197010096,"Irene Road, Parsons Green",0,43,43,False,300012
620,51.47518024,-0.167160736,"Surrey Lane, Battersea",1,28,26,False,300010
621,51.46086446,-0.187427294,"Wandsworth Town Station, Wandsworth",20,33,13,False,200091
622,51.50748124,-0.205535908,"Lansdowne Road, Ladbroke Grove",19,29,9,False,200172
623,51.46193072,-0.180791784,"Nantes Close, Wandsworth",3,22,19,False,200186
624,51.4729184,-0.132102704,"Courland Grove, Wandsworth Road",6,40,33,False,200173
625,51.47761941,-0.149551631,"Queen's Circus, Battersea Park",0,28,27,False,200190
626,51.48438657,-0.20481514,"Normand Park, West Kensington",1,24,23,False,300008
627,51.4687905,-0.158230901,"Holden Street, Battersea",3,20,17,False,200007
628,51.46881971,-0.184318843,"William Morris Way, Sands End",20,26,6,False,200062
629,51.45995384,-0.190184054,"Morie Street, Wandsworth",10,28,18,False,200187
630,51.47073264,-0.126994068,"Clarence Walk, Stockwell",5,28,23,False,200194
631,51.4795017,-0.141770709,"Battersea Park Road, Nine Elms",7,27,20,False,200183
632,51.47053858,-0.163041605,"Sheepcote Lane, Battersea",16,27,11,False,200176
633,51.48959104,-0.209378594,"Vereker Road, West Kensington",5,32,27,False,200116
634,51.49434708,-0.215804559,"Brook Green South, Brook Green",26,33,7,False,300002
635,51.48606206,-0.214428378,"Greyhound Road, Hammersmith",0,37,37,False,200215
636,51.46706414,-0.193502076,"South Park, Sands End",26,28,1,False,200180
637,51.45787019,-0.174691623,"Spencer Park, Wandsworth Common",4,25,21,False,200191
638,51.46663393,-0.169821175,"Falcon Road, Clapham Junction",2,28,25,False,300014
639,51.48357068,-0.202038682,"Coomer Place, West Kensington",0,27,26,False,200081
640,51.47286577,-0.148059277,"Silverthorne Road, Battersea",4,27,22,False,200179
641,51.49824168,-0.117495865,"Archbishop's Park, Waterloo",17,23,6,False,300025
642,51.46916161,-0.174485792,"Fawcett Close, Battersea",7,36,29,False,200192
643,51.5190427,-0.204764421,"All Saints' Road, Portobello",0,22,22,False,300026
644,51.48373225,-0.223852256,"Rainville Road, Hammersmith",6,36,30,False,200182
645,51.50173215,-0.100292412,"Great Suffolk Street, The Borough",20,21,1,False,200200
646,51.49886563,-0.137424571,"Buckingham Gate, Westminster",16,16,0,False,200178
647,51.50035306,-0.217515071,"Richmond Way, Shepherd's Bush",5,27,22,False,200181
648,51.46904022,-0.19627483,"Peterborough Road, Sands End",0,30,30,False,200171
649,51.48180515,-0.18027465,"World's End Place, West Chelsea",0,22,22,False,300009
650,51.51687069,-0.213872396,"St. Mark's Road, North Kensington",11,23,11,False,300034
651,51.48089844,-0.183853573,"Thorndike Close, West Chelsea",3,25,22,False,300030
652,51.51148696,-0.218190203,"Evesham Street, Avondale",10,29,19,False,300022
653,51.47084722,-0.17070367,"Simpson Street, Clapham Junction",0,25,23,False,200196
654,51.48267821,-0.117661574,"Ashmole Estate, Oval",8,34,26,False,200223
655,51.48294452,-0.219346128,"Crabtree Lane, Fulham",0,27,27,False,200221
656,51.46841875,-0.199135704,"Broomhouse Lane, Parsons Green",8,29,21,False,200040
657,51.4996806,-0.221791552,"Blythe Road West, Shepherd's Bush",0,21,21,False,200220
658,51.47729232,-0.16478637,"Ethelburga Estate, Battersea Park",0,30,29,False,300005
659,51.46437067,-0.174619404,"Grant Road West, Clapham Junction",17,57,40,False,200212
660,51.49087074,-0.206029743,"West Kensington Station, West Kensington",2,22,20,False,300020
661,51.51632095,-0.202608612,"All Saints Church, Portobello",3,37,32,False,300023
662,51.48498496,-0.167919869,"Phene Street, Chelsea",12,24,12,False,200189
663,51.51323001,-0.211593602,"Clarendon Road, Avondale",7,24,17,False,200124
664,51.474376,-0.155442787,"Austin Road, Battersea Park",5,24,19,False,300013
665,51.46108367,-0.191722864,"Smugglers Way, Wandsworth",1,28,27,False,200113
666,51.49610093,-0.208158259,"Olympia Way, Olympia",1,38,36,False,300004
667,51.5015946,-0.222293381,"Shepherd's Bush Road North, Shepherd's Bush",14,34,20,False,200209
668,51.49422354,-0.236769936,"Ravenscourt Park Station, Hammersmith",13,26,12,False,300037
669,51.47614939,-0.1232585,"Teversham Lane, Stockwell",22,39,17,False,300036
670,51.46718562,-0.152248582,"Ashley Crescent, Battersea",0,28,28,False,200169
671,51.475089,-0.201968,"Parsons Green Station, Parsons Green",28,56,27,False,300052
672,51.4646884,-0.173656546,"Grant Road Central, Clapham Junction",4,28,24,False,200206
673,51.46517078,-0.18038939,"Hibbert Street, Battersea",6,36,29,False,300051
674,51.53546778,-0.11619105,"Carnegie Street, King's Cross",12,40,27,False,300035
675,51.46348914,-0.182126248,"Usk Road, Clapham Junction",1,30,28,False,200126
676,51.47787084,-0.126874471,"Hartington Road, Stockwell",6,35,29,False,200207
677,51.46866929,-0.146544642,"Heath Road, Battersea",1,27,26,False,200023
678,51.46231278,-0.211468596,"Esmond Street, Putney",11,30,19,False,200170
679,51.47453545,-0.170210533,"Orbel Street, Battersea",0,26,26,False,200114
680,51.47768469,-0.170329317,"Westbridge Road, Battersea",2,28,26,False,200210
681,51.47303687,-0.214749808,"Bishop's Avenue, Fulham",1,46,44,False,200043
682,51.48810829,-0.22660621,"Crisp Road, Hammersmith",23,46,23,False,200059
683,51.46506424,-0.163750945,"Dorothy Road, Clapham Junction",7,28,21,False,200119
684,51.45475251,-0.195197203,"Neville Gill Close, Wandsworth",18,32,14,False,200188
685,51.46067005,-0.198735357,"Osiers Road, Wandsworth",8,30,22,False,200219
686,51.48814438,-0.222456468,"Beryl Road, Hammersmith",16,26,10,False,200097
687,51.49760804,-0.21145598,"Maclise Road, Olympia",2,26,23,False,200216
688,51.46095151,-0.20066766,"Northfields, Wandsworth",11,28,17,False,200204
689,51.45922541,-0.180884959,"Spanish Road, Clapham Junction",3,30,25,False,200106
690,51.47047503,-0.152130083,"Stanley Grove, Battersea",2,24,22,False,200199
691,51.47946386,-0.195777222,"Erin Close, Walham Green",6,24,18,False,200184
692,51.54211855,-0.028941601,"Cadogan Close, Victoria Park",9,22,11,False,200112
693,51.464786,-0.215618902,"Felsham Road, Putney",10,18,8,False,300019
694,51.46071722,-0.216526155,"Putney Rail Station, Putney",7,20,13,False,300033
695,51.53638435,-0.102757578,"Islington Green, Angel",2,21,19,False,300031
696,51.48728535,-0.217995921,"Charing Cross Hospital, Hammersmith",5,21,16,False,300018
697,51.53639219,-0.112721065,"Charlotte Terrace, Angel",0,25,25,False,200129
698,51.53908372,-0.070329419,"Shoreditch Court, Haggerston",3,35,32,False,200121
699,51.5366541,-0.07023031,"Belford House, Haggerston",0,39,39,False,200057
700,51.47696496,-0.174347066,"Battersea Church Road, Battersea",2,25,23,False,200201
701,51.47287627,-0.176267008,"Vicarage Crescent, Battersea",0,30,30,False,200077
702,51.52868155,-0.065550321,"Durant Street, Bethnal Green",0,24,24,False,200213
703,51.51505991,-0.10534448,"St. Bride Street, Holborn",6,25,18,False,200094
704,51.45682071,-0.202802098,"Mexfield Road, East Putney",1,18,17,False,200063
706,51.50215353,-0.083632928,"Snowsfields, London Bridge",27,31,4,False,200193
707,51.49021762,-0.215087092,"Barons Court Station, West Kensington",29,32,2,False,200197
708,51.46161068,-0.21614583,"Disraeli Road, Putney",28,33,3,False,200217
709,51.46321128,-0.215550761,"Montserrat Road , Putney",12,23,10,False,200205
710,51.47439218,-0.163347594,"Albert Bridge Road, Battersea Park",0,20,19,False,300045
711,51.48335692,-0.216305546,"Everington Street, Fulham",3,31,28,False,300028
712,51.51854104,-0.034903714,"Mile End Stadium, Mile End",1,22,21,False,300056
713,51.54100708,-0.14326094,"Hawley Crescent, Camden Town",8,22,14,False,200122
714,51.47311696,-0.137235175,"Stewart's Road, Wandsworth Road",3,28,24,False,300055
715,51.51563007,-0.049067243,"Aylward Street, Stepney",7,22,15,False,300049
716,51.51542791,-0.02356501,"Stainsby Road , Poplar",0,24,24,False,300048
717,51.53658514,-0.075885686,"Dunston Road , Haggerston",4,43,39,False,300024
718,51.53571683,-0.060291813,"Ada Street, Hackney Central",3,45,41,False,300040
719,51.53642464,-0.054162264,"Victoria Park Road, Hackney Central",12,34,22,False,300011
720,51.48724429,-0.205279052,"Star Road, West Kensington",5,23,18,False,300038
721,51.53603947,-0.026262677,"Wendon Street, Old Ford",0,18,17,False,300039
722,51.52458353,-0.058631453,"Finnis Street, Bethnal Green",0,19,19,False,300041
723,51.46822047,-0.190346493,"Stephendale Road, Sands End",13,48,35,False,300053
724,51.45799126,-0.184806157,"Alma Road, Wandsworth",9,28,19,False,300046
726,51.47505096,-0.150908371,"Alfreda Street, Battersea Park",4,22,18,False,300047
727,51.47569809,-0.20587627,"Chesilton Road, Fulham",0,23,23,False,300054
728,51.46199911,-0.206240805,"Putney Bridge Road, East Putney",8,29,21,False,300044
729,51.47893931,-0.208485293,"St. Peter's Terrace, Fulham",2,24,21,False,300043
730,51.49208492,-0.229116862,"Bridge Avenue, Hammersmith",18,18,0,False,300082
731,51.47727637,-0.189210466,"Michael Road, Walham Green",13,37,24,False,300095
732,51.50630441,-0.087262995,"Duke Street Hill, London Bridge",13,21,5,False,300083
733,51.50542628,-0.150817316,"Park Lane, Mayfair",11,18,7,False,300093
734,51.46230566,-0.175407201,"Plough Terrace, Clapham Junction",4,31,27,False,300094
735,51.46489445,-0.17302926,"Grant Road East, Clapham Junction",16,35,19,False,200120
736,51.50659035,-0.216104479,"Queensdale Road, Shepherd's Bush",22,28,5,False,300088
737,51.47993289,-0.19411695,"Fulham Broadway, Walham Green",17,26,5,False,300086
738,51.47514228,-0.187278987,"Imperial Road, Sands End",2,37,35,False,300087
739,51.48176572,-0.185273723,"Hortensia Road, West Brompton",0,28,28,False,300091
740,51.51092871,-0.214594781,"Sirdar Road, Avondale",23,26,3,False,300084
741,51.5129814,-0.219486603,"Freston Road, Avondale",12,23,10,False,300085
742,51.51510818,-0.208565479,"Blenheim Crescent, Ladbroke Grove",3,22,17,False,300090
743,51.46079243,-0.212607684,"Oxford Road, Putney",6,29,23,False,300078
744,51.46745485,-0.172293499,"Ingrave Street, Clapham Junction",6,30,24,False,300077
745,51.47816972,-0.18243547,"Upcerne Road, West Chelsea",6,29,23,False,300075
746,51.4795738,-0.17903854,"Lots Road, West Chelsea",6,24,18,False,300076
747,51.48796408,-0.161765173,"Ormonde Gate, Chelsea",2,24,22,False,300089
748,51.53727795,-0.079201849,"Hertford Road, De Beauvoir Town",1,25,24,False,300092
749,51.53932857,-0.074284675,"Haggerston Road, Haggerston",2,37,35,False,300081
750,51.4710956,-0.157850096,"Culvert Road, Battersea",3,27,24,False,300080
751,51.51612862,-0.120909408,"Newton Street, Covent Garden",22,24,2,False,300074
752,51.45816465,-0.20600248,"Manfred Road, East Putney",12,29,17,False,300079
753,51.49263658,-0.234094148,"Hammersmith Town Hall, Hammersmith",18,28,10,False,300006
754,51.5129006,-0.214762686,"Grenfell Road, Avondale",15,24,9,False,300067
755,51.48512191,-0.174971902,"The Vale, Chelsea",1,24,23,False,300058
756,51.47515398,-0.159169801,"Prince of Wales Drive, Battersea Park",0,21,21,False,300073
757,51.48795853,-0.187404506,"Harcourt Terrace, West Brompton",2,24,22,False,300069
758,51.51787005,-0.201005397,"Westbourne Park Road, Portobello",0,23,22,False,300057
759,51.52456169,-0.165668686,"Broadley Terrace, Marylebone",0,18,18,False,300072
760,51.52526975,-0.163795009,"Rossmore Road, Marylebone",3,18,15,False,300071
761,51.48321729,-0.211860644,"Humbolt Road, Fulham",0,26,26,False,300068
762,51.50070305,-0.129698963,"Storey's Gate, Westminster",18,21,3,False,200202
763,51.52059714,-0.032566533,"Mile End Park Leisure Centre, Mile End",4,47,43,False,300027
764,51.46239255,-0.16829214,"St. John's Road, Clapham Junction",23,33,10,False,200185
765,51.46760141,-0.20682737,"Ranelagh Gardens, Fulham",16,39,23,False,300064
766,51.45752945,-0.192165613,"Ram Street, Wandsworth",14,25,11,False,200079
767,51.45705988,-0.200806304,"Santos Road, Wandsworth",0,30,30,False,200177
768,51.46134382,-0.159322467,"Clapham Common North Side, Clapham Common",21,37,16,False,300065
769,51.473611,-0.191803,"Sandilands Road, Walham Green",2,21,18,False,300001
770,51.491026,-0.209121,"Gwendwr Road, West Kensington",8,30,22,False,300097
771,51.509224,-0.216016,"Rifle Place, Avondale",17,21,4,False,300007
772,51.47250956,-0.122831913,"Binfield Road, Stockwell",15,35,19,False,300015
773,51.511891,-0.107349,"Tallis Street, Temple",13,24,11,False,300096
774,51.470131,-0.20464,"Hurlingham Park, Parsons Green",9,20,11,False,300098
775,51.496664,-0.223868,"Little Brook Green, Brook Green",30,33,3,False,300101
776,51.460333,-0.167029,"Abyssinia Close, Clapham Junction",13,20,7,False,300099
777,51.46192307,-0.1652978567,"Limburg Road, Clapham Junction",3,21,18,False,300100
779,51.514449,-0.077178979,"Houndsditch, Aldgate",27,28,1,False,200072
780,51.474665,-0.18316517,"Imperial Wharf Station, Sands End",8,25,14,False,300070
781,51.495898,-0.173009,"Victoria & Albert Museum, South Kensington",5,30,25,False,300032
782,51.483911,-0.19760944,"Halford Road, West Kensington",0,24,23,False,300210
783,51.5403115,-0.021630359,"Monier Road, Hackney Wick",1,27,26,False,300213
784,51.546326,-0.00993526,"East Village, Queen Elizabeth Olympic Park",17,34,15,False,300200
785,51.54094,-0.010510565,"Aquatic Centre, Queen Elizabeth Olympic Park",39,64,21,False,300233
786,51.549369,-0.015717614,"Lee Valley VeloPark, Queen Elizabeth Olympic Park",18,44,25,False,300029
787,51.546805,-0.01469126,"Timber Lodge, Queen Elizabeth Olympic Park",9,35,26,False,300227
788,51.544836,-0.019524752,"Copper Box Arena, Queen Elizabeth Olympic Park",3,33,30,False,300226
789,51.538718,-0.011889482,"Podium, Queen Elizabeth Olympic Park",35,40,4,False,300021
790,51.541793,-0.00481,"Stratford Station, Stratford",24,28,4,False,300234
792,51.505461,-0.10454093,"Blackfriars Road, Southwark",36,42,3,False,300214
793,51.528279,-0.11955857,"Cromer Street, Bloomsbury",4,28,24,False,300205
794,51.474567,-0.12458,"Lansdowne Way Bus Garage, Stockwell",20,28,6,False,300204
796,51.524,-0.12640984,"Coram Street, Bloomsbury",1,29,27,False,300201
797,51.5293,-0.12827903,"Ossulston Street, Somers Town",2,30,28,False,300211
798,51.53019988,-0.1222994408,"Birkenhead Street, King's Cross",0,27,27,False,300212
799,51.49769846,-0.1375988963,"Kings Gate House, Westminster",20,24,3,False,300202
800,51.48112194,-0.1490353749,"Sopwith Way, Battersea Park",4,30,26,False,300248
801,51.50522417,-0.09803181187,"Lavington Street, Bankside",26,29,3,False,300208
802,51.47659006,-0.1182567891,"Albert Square, Stockwell",2,32,30,False,300209
803,51.50540994,-0.09834108845,"Southwark Street, Bankside",18,23,5,False,300238
804,51.53466774,-0.1250786529,"Good's Way, King's Cross",8,27,19,False,300243
805,51.52006942,-0.2063383843,"Bevington Road, North Kensington",0,27,27,False,300244
806,51.53724056,-0.1248073857,"Handyside Street, King's Cross",2,27,25,False,300241
807,51.5212,-0.20888818,"Bevington Road West, North Kensington",2,24,22,False,300236
808,51.47348621,-0.1225556298,"Stockwell Roundabout, Stockwell",25,33,8,False,300207
809,51.51627788,-0.1182729916,"Lincoln's Inn Fields, Holborn",18,28,10,False,300240
810,51.50672529,-0.09880724616,"Tate Modern, Bankside",23,30,4,False,300237
811,51.50570304,-0.02777274262,"Westferry Circus, Canary Wharf",26,36,10,False,300228
812,51.54873119,-0.02260655493,"Here East North, Queen Elizabeth Olympic Park",28,28,0,False,300217
813,51.48780745,-0.1227596259,"New Spring Gardens Walk, Vauxhall",16,37,21,False,300224
814,51.47143307,-0.1236707357,"Clapham Road, Lingham Street, Stockwell",0,30,30,False,300245
815,51.5000892,-0.1166287007,"Lambeth Palace Road, Waterloo",16,35,18,False,300231
816,51.54653279,-0.02059759046,"Here East South, Queen Elizabeth Olympic Park",3,28,25,False,300219
817,51.48133547,-0.1382122959,"Riverlight South, Nine Elms",18,26,8,False,300232
818,51.5031278,-0.07865550737,"One Tower Bridge, Bermondsey",12,13,0,False,300249
819,51.50621,-0.114842,"Belvedere Road 2, South Bank",16,38,20,False,300246
820,51.492807,-0.091938,"Victory Place, Walworth",0,24,24,False,300239
821,51.48350749,-0.1477145574,"Battersea Power Station, Battersea Park",10,27,17,False,300221
826,51.496863,-0.1429434,"Allington street, Westminster",26,28,2,False,300242
827,51.479601,-0.11147178,"Cranmer Road, Stockwell",1,24,23,False,300247
828,51.473874,-0.11258096,"Normandy Road, Stockwell",2,32,29,False,300225
829,51.469217,-0.11268674,"Wynne Road, Stockwell",12,25,13,False,300230
830,51.469202,-0.11902256,"Sidney Road, Stockwell",6,27,21,False,300229
831,51.466232,-0.11317995,"St John's Crescent, Brixton",12,25,13,False,300215
832,51.464019,-0.11578197,"Ferndale Road, Brixton.",14,30,16,False,200240
833,51.460232,-0.11537509,"Saltoun Road, Brixton",19,42,23,False,300206
